Date,Commodity,Wholesale,Retail,Landing
12/6/2024,Gabi (bisol),50.00,60.00,
12/6/2024,Kamote,35.00,40.00,
12/6/2024,Karlang,40.00,70.00,
12/6/2024,Cassava,15.00,20.00,
12/5/2024,Gabi (bisol),50.00,60.00,
12/5/2024,Kamote,35.00,40.00,
12/5/2024,Karlang,40.00,70.00,
12/5/2024,Cassava,14.00,20.00,
12/4/2024,Gabi (bisol),50.00,65.00,20.00
12/4/2024,Kamote,35.00,40.00,15.00
12/4/2024,Karlang,40.00,70.00,13.00
12/4/2024,Cassava,15.00,20.00,18.00
12/3/2024,Gabi (bisol),50.00,60.00,20.00
12/3/2024,Kamote,35.00,35.00,15.00
12/3/2024,Karlang,40.00,70.00,13.00
12/3/2024,Cassava,15.00,20.00,18.00
12/2/2024,Gabi (bisol),55.00,60.00,20.00
12/2/2024,Kamote,35.00,35.00,15.00
12/2/2024,Karlang,40.00,70.00,13.00
12/2/2024,Cassava,15.00,20.00,18.00
12/1/2024,Gabi (bisol),50.00,65.00,20.00
12/1/2024,Kamote,28.00,35.00,15.00
12/1/2024,Karlang,55.00,70.00,13.00
12/1/2024,Cassava,12.00,20.00,18.00
11/30/2024,Gabi (bisol),49.00,65.00,20.00
11/30/2024,Kamote,29.00,40.00,32.00
11/30/2024,Karlang,50.00,65.00,34.00
11/30/2024,Cassava,12.00,20.00,18.00
11/29/2024,Gabi (bisol),55.00,60.00,20.00
11/29/2024,Kamote,35.00,40.00,15.00
11/29/2024,Karlang,40.00,70.00,13.00
11/29/2024,Cassava,12.00,20.00,18.00
11/28/2024,Gabi (bisol),55.00,65.00,20.00
11/28/2024,Kamote,35.00,40.00,15.00
11/28/2024,Karlang,45.00,70.00,13.00
11/28/2024,Cassava,15.00,20.00,18.00
11/27/2024,Gabi (bisol),55.00,60.00,20.00
11/27/2024,Kamote,35.00,40.00,15.00
11/27/2024,Karlang,45.00,70.00,13.00
11/27/2024,Cassava,15.00,20.00,18.00
11/26/2024,Gabi (bisol),60.00,70.00,20.00
11/26/2024,Kamote,30.00,35.00,15.00
11/26/2024,Karlang,50.00,70.00,13.00
11/26/2024,Cassava,20.00,30.00,18.00
11/25/2024,Gabi (bisol),60.00,70.00,20.00
11/25/2024,Kamote,30.00,35.00,32.00
11/25/2024,Karlang,50.00,70.00,34.00
11/25/2024,Cassava,20.00,30.00,18.00
11/24/2024,Gabi (bisol),50.00,70.00,20.00
11/24/2024,Kamote,28.00,40.00,32.00
11/24/2024,Karlang,55.00,70.00,34.00
11/24/2024,Cassava,15.00,20.00,18.00
11/23/2024,Gabi (bisol),50.00,60.00,20.00
11/23/2024,Kamote,29.00,35.00,32.00
11/23/2024,Karlang,50.00,70.00,34.00
11/23/2024,Cassava,15.00,20.00,18.00
11/22/2024,Gabi (bisol),35.00,60.00,20.00
11/22/2024,Kamote,20.00,40.00,32.00
11/22/2024,Karlang,20.00,65.00,34.00
11/22/2024,Cassava,15.00,20.00,18.00
11/21/2024,Gabi (bisol),40.00,50.00,20.00
11/21/2024,Kamote,25.00,35.00,32.00
11/21/2024,Karlang,30.00,70.00,34.00
11/21/2024,Cassava,15.00,20.00,18.00
11/20/2024,Gabi (bisol),45.00,60.00,19.00
11/20/2024,Kamote,25.00,35.00,32.00
11/20/2024,Karlang,35.00,65.00,34.00
11/20/2024,Cassava,15.00,20.00,18.00
11/19/2024,Gabi (bisol),50.00,60.00,19.00
11/19/2024,Kamote,25.00,40.00,32.00
11/19/2024,Karlang,35.00,70.00,34.00
11/19/2024,Cassava,15.00,20.00,18.00
11/18/2024,Gabi (bisol),55.00,60.00,19.00
11/18/2024,Kamote,30.00,35.00,32.00
11/18/2024,Karlang,35.00,65.00,34.00
11/18/2024,Cassava,15.00,20.00,18.00
11/17/2024,Gabi (bisol),45.00,60.00,19.00
11/17/2024,Kamote,30.00,35.00,32.00
11/17/2024,Karlang,55.00,65.00,34.00
11/17/2024,Cassava,12.00,20.00,18.00
11/16/2024,Gabi (bisol),45.00,55.00,21.00
11/16/2024,Kamote,30.00,35.00,32.00
11/16/2024,Karlang,50.00,70.00,34.00
11/16/2024,Cassava,12.00,20.00,19.00
11/15/2024,Gabi (bisol),55.00,60.00,21.00
11/15/2024,Kamote,30.00,35.00,32.00
11/15/2024,Karlang,40.00,65.00,34.00
11/15/2024,Cassava,12.00,20.00,19.00
11/14/2024,Gabi (bisol),55.00,60.00,21.00
11/14/2024,Kamote,30.00,35.00,32.00
11/14/2024,Karlang,40.00,65.00,34.00
11/14/2024,Cassava,12.00,20.00,19.00
11/13/2024,Gabi (bisol),60.00,65.00,21.00
11/13/2024,Kamote,30.00,35.00,35.00
11/13/2024,Karlang,40.00,60.00,35.00
11/13/2024,Cassava,15.00,20.00,19.00
11/12/2024,Gabi (bisol),60.00,65.00,21.00
11/12/2024,Kamote,30.00,35.00,32.00
11/12/2024,Karlang,40.00,65.00,34.00
11/12/2024,Cassava,15.00,20.00,19.00
11/11/2024,Gabi (bisol),65.00,65.00,22.00
11/11/2024,Kamote,30.00,35.00,32.00
11/11/2024,Karlang,45.00,55.00,34.00
11/11/2024,Cassava,10.00,20.00,19.00
11/10/2024,Gabi (bisol),45.00,50.00,21.00
11/10/2024,Kamote,30.00,35.00,32.00
11/10/2024,Karlang,45.00,60.00,35.00
11/10/2024,Cassava,10.00,20.00,20.00
11/9/2024,Gabi (bisol),45.00,50.00,21.00
11/9/2024,Kamote,30.00,40.00,32.00
11/9/2024,Karlang,50.00,60.00,34.00
11/9/2024,Cassava,10.00,20.00,19.00
11/8/2024,Gabi (bisol),30.00,50.00,21.00
11/8/2024,Kamote,25.00,35.00,32.00
11/8/2024,Karlang,25.00,60.00,34.00
11/8/2024,Cassava,10.00,20.00,19.00
11/7/2024,Gabi (bisol),35.00,50.00,21.00
11/7/2024,Kamote,30.00,35.00,32.00
11/7/2024,Karlang,30.00,60.00,34.00
11/7/2024,Cassava,10.00,20.00,19.00
11/6/2024,Gabi (bisol),35.00,50.00,21.00
11/6/2024,Kamote,30.00,37.50,32.00
11/6/2024,Karlang,45.00,60.00,34.00
11/6/2024,Cassava,10.00,20.00,19.00
11/5/2024,Gabi (bisol),35.00,50.00,21.00
11/5/2024,Kamote,30.00,40.00,32.00
11/5/2024,Karlang,45.00,60.00,34.00
11/5/2024,Cassava,10.00,20.00,19.00
11/4/2024,Gabi (bisol),35.00,50.00,19.00
11/4/2024,Kamote,30.00,35.00,35.00
11/4/2024,Karlang,45.00,60.00,34.00
11/4/2024,Cassava,10.00,18.00,19.00
11/3/2024,Gabi (bisol),25.00,50.00,19.00
11/3/2024,Kamote,20.00,35.00,35.00
11/3/2024,Karlang,35.00,60.00,34.00
11/3/2024,Cassava,10.00,20.00,19.00
11/2/2024,Gabi (bisol),25.00,60.00,19.00
11/2/2024,Kamote,20.00,40.00,35.00
11/2/2024,Karlang,35.00,60.00,34.00
11/2/2024,Cassava,10.00,20.00,19.00
11/1/2024,Gabi (bisol),25.00,50.00,19.00
11/1/2024,Kamote,20.00,35.00,35.00
11/1/2024,Karlang,35.00,60.00,34.00
11/1/2024,Cassava,10.00,20.00,19.00
10/31/2024,Gabi (bisol),30.00,50.00,19.00
10/31/2024,Kamote,20.00,35.00,35.00
10/31/2024,Karlang,40.00,55.00,34.00
10/31/2024,Cassava,18.00,20.00,19.00
10/30/2024,Gabi (bisol),30.00,55.00,19.00
10/30/2024,Kamote,20.00,40.00,33.00
10/30/2024,Karlang,40.00,60.00,33.00
10/30/2024,Cassava,18.00,20.00,19.00
10/29/2024,Gabi (bisol),30.00,55.00,19.00
10/29/2024,Kamote,20.00,40.00,33.00
10/29/2024,Karlang,40.00,60.00,33.00
10/29/2024,Cassava,18.00,20.00,19.00
10/28/2024,Gabi (bisol),30.00,50.00,19.00
10/28/2024,Kamote,25.00,35.00,33.00
10/28/2024,Karlang,30.00,50.00,33.00
10/28/2024,Cassava,18.00,20.00,19.00
10/27/2024,Gabi (bisol),30.00,50.00,19.00
10/27/2024,Kamote,25.00,42.50,33.00
10/27/2024,Karlang,30.00,60.00,33.00
10/27/2024,Cassava,18.00,20.00,20.00
10/26/2024,Gabi (bisol),30.00,50.00,19.00
10/26/2024,Kamote,25.00,35.00,33.00
10/26/2024,Karlang,30.00,50.00,33.00
10/26/2024,Cassava,18.00,20.00,20.00
10/25/2024,Gabi (bisol),30.00,50.00,19.00
10/25/2024,Kamote,25.00,35.00,33.00
10/25/2024,Karlang,30.00,60.00,33.00
10/25/2024,Cassava,18.00,20.00,20.00
10/24/2024,Gabi (bisol),30.00,50.00,19.00
10/24/2024,Kamote,25.00,35.00,33.00
10/24/2024,Karlang,30.00,60.00,33.00
10/24/2024,Cassava,18.00,20.00,20.00
10/23/2024,Gabi (bisol),30.00,50.00,19.00
10/23/2024,Kamote,25.00,35.00,33.00
10/23/2024,Karlang,30.00,60.00,33.00
10/23/2024,Cassava,18.00,20.00,20.00
11/22/2024,Gabi (bisol),30.00,50.00,19.00
11/22/2024,Kamote,30.00,35.00,33.00
11/22/2024,Karlang,25.00,60.00,33.00
11/22/2024,Cassava,18.00,20.00,20.00
10/21/2024,Gabi (bisol),35.00,50.00,19.00
10/21/2024,Kamote,30.00,40.00,33.00
10/21/2024,Karlang,40.00,60.00,33.00
10/21/2024,Cassava,18.00,20.00,20.00
11/20/2024,Gabi (bisol),35.00,50.00,22.00
11/20/2024,Kamote,35.00,35.00,33.00
11/20/2024,Karlang,55.00,65.00,30.00
11/20/2024,Cassava,18.00,20.00,20.00
10/19/2024,Gabi (bisol),35.00,50.00,22.00
10/19/2024,Kamote,35.00,60.00,33.00
10/19/2024,Karlang,55.00,65.00,30.00
10/19/2024,Cassava,18.00,20.00,24.00
10/18/2024,Gabi (bisol),35.00,50.00,22.00
10/18/2024,Kamote,30.00,35.00,33.00
10/18/2024,Karlang,40.00,60.00,30.00
10/18/2024,Cassava,10.00,20.00,22.00
10/17/2024,Gabi (bisol),35.00,50.00,22.00
10/17/2024,Kamote,35.00,35.00,33.00
10/17/2024,Karlang,40.00,60.00,30.00
10/17/2024,Cassava,10.00,20.00,20.00
10/16/2024,Gabi (bisol),35.00,50.00,22.00
10/16/2024,Kamote,35.00,35.00,25.00
10/16/2024,Karlang,45.00,65.00,30.00
10/16/2024,Cassava,10.00,20.00,20.00
10/15/2024,Gabi (bisol),35.00,50.00,22.00
10/15/2024,Kamote,35.00,40.00,33.00
10/15/2024,Karlang,40.00,65.00,30.00
10/15/2024,Cassava,10.00,20.00,20.00
10/14/2024,Gabi (bisol),35.00,55.00,22.00
10/14/2024,Kamote,35.00,40.00,33.00
10/14/2024,Karlang,40.00,65.00,30.00
10/14/2024,Cassava,10.00,20.00,20.00
10/13/2024,Gabi (bisol),45.00,60.00,22.00
10/13/2024,Kamote,30.00,35.00,33.00
10/13/2024,Karlang,65.00,70.00,30.00
10/13/2024,Cassava,18.00,20.00,20.00
10/12/2024,Gabi (bisol),50.00,60.00,22.00
10/12/2024,Kamote,50.00,55.00,33.00
10/12/2024,Karlang,60.00,70.00,30.00
10/12/2024,Cassava,18.00,20.00,20.00
10/11/2024,Gabi (bisol),35.00,50.00,20.00
10/11/2024,Kamote,35.00,50.00,33.00
10/11/2024,Karlang,40.00,65.00,30.00
10/11/2024,Cassava,10.00,18.00,23.00
10/10/2024,Gabi (bisol),35.00,55.00,20.00
10/10/2024,Kamote,35.00,50.00,33.00
10/10/2024,Karlang,40.00,70.00,30.00
10/10/2024,Cassava,10.00,18.00,23.00
10/9/2024,Gabi (bisol),35.00,60.00,20.00
10/9/2024,Kamote,35.00,60.00,33.00
10/9/2024,Karlang,40.00,70.00,30.00
10/9/2024,Cassava,10.00,18.00,23.00
10/8/2024,Gabi (bisol),35.00,60.00,20.00
10/8/2024,Kamote,35.00,50.00,33.00
10/8/2024,Karlang,45.00,70.00,30.00
10/8/2024,Cassava,10.00,20.00,23.00
10/7/2024,Gabi (bisol),40.00,60.00,20.00
10/7/2024,Kamote,40.00,60.00,33.00
10/7/2024,Karlang,40.00,70.00,30.00
10/7/2024,Cassava,12.00,20.00,23.00
10/6/2024,Gabi (bisol),50.00,60.00,20.00
10/6/2024,Kamote,45.00,60.00,33.00
10/6/2024,Karlang,45.00,70.00,30.00
10/6/2024,Cassava,18.00,20.00,23.00
10/5/2024,Gabi (bisol),50.00,60.00,20.00
10/5/2024,Kamote,50.00,60.00,33.00
10/5/2024,Karlang,45.00,70.00,30.00
10/5/2024,Cassava,15.00,20.00,23.00
10/4/2024,Gabi (bisol),40.00,55.00,20.00
10/4/2024,Kamote,40.00,50.00,33.00
10/4/2024,Karlang,40.00,65.00,28.00
10/4/2024,Cassava,15.00,18.00,25.00
10/3/2024,Gabi (bisol),40.00,60.00,20.00
10/3/2024,Kamote,40.00,55.00,33.00
10/3/2024,Karlang,40.00,70.00,30.00
10/3/2024,Cassava,15.00,18.00,23.00
10/2/2024,Gabi (bisol),40.00,60.00,20.00
10/2/2024,Kamote,40.00,60.00,33.00
10/2/2024,Karlang,40.00,70.00,30.00
10/2/2024,Cassava,12.00,18.00,23.00
10/1/2024,Gabi (bisol),40.00,60.00,20.00
10/1/2024,Kamote,40.00,50.00,33.00
10/1/2024,Karlang,40.00,67.50,29.00
10/1/2024,Cassava,15.00,19.00,23.00
9/30/2024,Gabi (bisol),50.00,60.00,20.00
9/30/2024,Kamote,50.00,50.00,33.00
9/30/2024,Karlang,15.00,70.00,29.00
9/30/2024,Cassava,15.00,20.00,23.00
9/29/2024,Gabi (bisol),50.00,60.00,20.00
9/29/2024,Kamote,35.00,50.00,33.00
9/29/2024,Karlang,50.00,65.00,29.00
9/29/2024,Cassava,15.00,20.00,23.00
9/28/2024,Gabi (bisol),50.00,60.00,20.00
9/28/2024,Kamote,40.00,50.00,33.00
9/28/2024,Karlang,55.00,70.00,29.00
9/28/2024,Cassava,15.00,20.00,23.00
9/27/2024,Gabi (bisol),50.00,60.00,20.00
9/27/2024,Kamote,35.00,55.00,33.00
9/27/2024,Karlang,50.00,70.00,30.00
9/27/2024,Cassava,15.00,18.00,23.00
9/25/2024,Gabi (bisol),50.00,60.00,20.00
9/25/2024,Kamote,35.00,55.00,33.00
9/25/2024,Karlang,50.00,70.00,29.00
9/25/2024,Cassava,15.00,20.00,23.00
9/24/2024,Gabi (bisol),50.00,60.00,20.00
9/24/2024,Kamote,35.00,40.00,33.00
9/24/2024,Karlang,40.00,60.00,29.00
9/24/2024,Cassava,15.00,18.00,23.00
9/23/2024,Gabi (bisol),45.00,50.00,20.00
9/23/2024,Kamote,35.00,40.00,33.00
9/23/2024,Karlang,40.00,60.00,29.00
9/23/2024,Cassava,15.00,18.00,23.00
9/22/2024,Gabi (bisol),50.00,60.00,19.00
9/22/2024,Kamote,35.00,40.00,33.00
9/22/2024,Karlang,45.00,60.00,29.00
9/22/2024,Cassava,15.00,18.00,23.00
9/21/2024,Gabi (bisol),50.00,50.00,20.00
9/21/2024,Kamote,35.00,40.00,33.00
9/21/2024,Karlang,55.00,60.00,29.00
9/21/2024,Cassava,15.00,18.00,23.00
9/20/2024,Gabi (bisol),50.00,50.00,20.00
9/20/2024,Kamote,35.00,40.00,30.00
9/20/2024,Karlang,45.00,60.00,29.00
9/20/2024,Cassava,15.00,18.00,25.00
9/19/2024,Gabi (bisol),50.00,50.00,20.00
9/19/2024,Kamote,35.00,40.00,33.00
9/19/2024,Karlang,45.00,60.00,29.00
9/19/2024,Cassava,15.00,18.00,23.00
9/18/2024,Gabi (bisol),50.00,60.00,20.00
9/18/2024,Kamote,45.00,50.00,30.00
9/18/2024,Karlang,40.00,60.00,29.00
9/18/2024,Cassava,15.00,18.00,25.00
9/17/2024,Gabi (bisol),50.00,55.00,20.00
9/17/2024,Kamote,35.00,40.00,30.00
9/17/2024,Karlang,40.00,60.00,29.00
9/17/2024,Cassava,15.00,18.00,25.00
9/16/2024,Gabi (bisol),35.00,50.00,20.00
9/16/2024,Kamote,40.00,45.00,30.00
9/16/2024,Karlang,25.00,60.00,29.00
9/16/2024,Cassava,18.00,18.00,25.00
9/15/2024,Gabi (bisol),35.00,50.00,20.00
9/15/2024,Kamote,40.00,40.00,30.00
9/15/2024,Karlang,25.00,50.00,23.00
9/15/2024,Cassava,18.00,18.00,25.00
9/14/2024,Gabi (bisol),35.00,50.00,20.00
9/14/2024,Kamote,40.00,45.00,30.00
9/14/2024,Karlang,25.00,60.00,29.00
9/14/2024,Cassava,18.00,18.00,25.00
9/13/2024,Gabi (bisol),35.00,50.00,20.00
9/13/2024,Kamote,40.00,45.00,30.00
9/13/2024,Karlang,25.00,50.00,25.00
9/13/2024,Cassava,18.00,18.00,25.00
9/12/2024,Gabi (bisol),35.00,70.00,20.00
9/12/2024,Kamote,40.00,50.00,30.00
9/12/2024,Karlang,30.00,60.00,25.00
9/12/2024,Cassava,18.00,18.00,25.00
9/11/2024,Gabi (bisol),35.00,70.00,20.00
9/11/2024,Kamote,40.00,50.00,30.00
9/11/2024,Karlang,35.00,60.00,25.00
9/11/2024,Cassava,18.00,25.00,25.00
9/10/2024,Gabi (bisol),35.00,55.00,20.00
9/10/2024,Kamote,40.00,60.00,27.00
9/10/2024,Karlang,25.00,50.00,25.00
9/10/2024,Cassava,18.00,25.00,25.00
9/9/2024,Gabi (bisol),35.00,70.00,20.00
9/9/2024,Kamote,40.00,40.00,27.00
9/9/2024,Karlang,20.00,60.00,25.00
9/9/2024,Cassava,18.00,18.00,25.00
9/8/2024,Gabi (bisol),35.00,70.00,20.00
9/8/2024,Kamote,40.00,40.00,27.00
9/8/2024,Karlang,20.00,60.00,25.00
9/8/2024,Cassava,18.00,18.00,25.00
9/7/2024,Gabi (bisol),35.00,60.00,20.00
9/7/2024,Kamote,40.00,40.00,27.00
9/7/2024,Karlang,20.00,50.00,25.00
9/7/2024,Cassava,18.00,18.00,25.00
9/6/2024,Gabi (bisol),35.00,60.00,20.00
9/6/2024,Kamote,40.00,45.00,27.00
9/6/2024,Karlang,20.00,55.00,25.00
9/6/2024,Cassava,18.00,18.00,27.00
9/5/2024,Gabi (bisol),35.00,50.00,20.00
9/5/2024,Kamote,40.00,45.00,27.00
9/5/2024,Karlang,25.00,50.00,25.00
9/5/2024,Cassava,18.00,20.00,25.00
9/4/2024,Gabi (bisol),35.00,50.00,20.00
9/4/2024,Kamote,40.00,50.00,27.00
9/4/2024,Karlang,20.00,50.00,25.00
9/4/2024,Cassava,18.00,25.00,25.00
9/3/2024,Gabi (bisol),35.00,70.00,27.00
9/3/2024,Kamote,40.00,50.00,32.00
9/3/2024,Karlang,25.00,60.00,34.00
9/3/2024,Cassava,18.00,25.00,27.00
9/2/2024,Gabi (bisol),35.00,60.00,25.00
9/2/2024,Kamote,40.00,45.00,32.00
9/2/2024,Karlang,25.00,50.00,35.00
9/2/2024,Cassava,18.00,18.00,27.00
9/1/2024,Gabi (bisol),35.00,60.00,27.00
9/1/2024,Kamote,40.00,45.00,32.00
9/1/2024,Karlang,25.00,55.00,35.00
9/1/2024,Cassava,18.00,18.00,25.00
8/31/2024,Gabi (bisol),35.00,50.00,25.00
8/31/2024,Kamote,40.00,45.00,32.00
8/31/2024,Karlang,25.00,40.00,35.00
8/31/2024,Cassava,18.00,20.00,35.00
8/30/2024,Gabi (bisol),35.00,50.00,25.00
8/30/2024,Kamote,40.00,45.00,25.00
8/30/2024,Karlang,25.00,50.00,35.00
8/30/2024,Cassava,18.00,18.00,25.00
8/29/2024,Gabi (bisol),35.00,50.00,25.00
8/29/2024,Kamote,40.00,45.00,25.00
8/29/2024,Karlang,25.00,40.00,36.00
8/29/2024,Cassava,18.00,18.00,35.00
8/28/2024,Gabi (bisol),33.00,50.00,25.00
8/28/2024,Kamote,40.00,45.00,25.00
8/28/2024,Karlang,25.00,45.00,30.00
8/28/2024,Cassava,18.00,18.00,33.00
8/27/2024,Gabi (bisol),35.00,55.00,25.00
8/27/2024,Kamote,40.00,50.00,25.00
8/27/2024,Karlang,25.00,40.00,30.00
8/27/2024,Cassava,18.00,25.00,35.00
8/26/2024,Gabi (bisol),35.00,60.00,25.00
8/26/2024,Kamote,40.00,45.00,25.00
8/26/2024,Karlang,25.00,45.00,30.00
8/26/2024,Cassava,18.00,18.00,35.00
8/25/2024,Gabi (bisol),40.00,65.00,25.00
8/25/2024,Kamote,40.00,40.00,25.00
8/25/2024,Karlang,30.00,45.00,30.00
8/25/2024,Cassava,18.00,18.00,35.00
8/24/2024,Gabi (bisol),40.00,60.00,25.00
8/24/2024,Kamote,40.00,30.00,36.00
8/24/2024,Karlang,30.00,45.00,30.00
8/24/2024,Cassava,18.00,18.00,35.00
8/23/2024,Gabi (bisol),40.00,60.00,25.00
8/23/2024,Kamote,40.00,45.00,36.00
8/23/2024,Karlang,30.00,50.00,30.00
8/23/2024,Cassava,18.00,20.00,35.00
8/22/2024,Gabi (bisol),35.00,60.00,25.00
8/22/2024,Kamote,40.00,40.00,36.00
8/22/2024,Karlang,30.00,50.00,30.00
8/22/2024,Cassava,18.00,20.00,35.00
8/21/2024,Gabi (bisol),35.00,70.00,25.00
8/21/2024,Kamote,40.00,60.00,40.00
8/21/2024,Karlang,25.00,70.00,30.00
8/21/2024,Cassava,18.00,25.00,35.00
8/20/2024,Gabi (bisol),35.00,50.00,25.00
8/20/2024,Kamote,40.00,50.00,40.00
8/20/2024,Karlang,25.00,50.00,30.00
8/20/2024,Cassava,18.00,25.00,25.00
8/19/2024,Gabi (bisol),30.00,60.00,24.00
8/19/2024,Kamote,40.00,40.00,40.00
8/19/2024,Karlang,35.00,50.00,30.00
8/19/2024,Cassava,18.00,20.00,27.00
8/18/2024,Gabi (bisol),30.00,70.00,25.00
8/18/2024,Kamote,40.00,35.00,40.00
8/18/2024,Karlang,35.00,50.00,30.00
8/18/2024,Cassava,18.00,18.00,25.00
8/17/2024,Gabi (bisol),30.00,60.00,45.00
8/17/2024,Kamote,40.00,35.00,30.00
8/17/2024,Karlang,35.00,40.00,28.00
8/17/2024,Cassava,18.00,20.00,20.00
8/16/2024,Gabi (bisol),30.00,70.00,45.00
8/16/2024,Kamote,40.00,40.00,30.00
8/16/2024,Karlang,35.00,50.00,28.00
8/16/2024,Cassava,18.00,20.00,20.00
8/15/2024,Gabi (bisol),30.00,70.00,45.00
8/15/2024,Kamote,40.00,40.00,30.00
8/15/2024,Karlang,35.00,50.00,28.00
8/15/2024,Cassava,18.00,25.00,20.00
8/14/2024,Gabi (bisol),30.00,70.00,45.00
8/14/2024,Kamote,40.00,40.00,30.00
8/14/2024,Karlang,35.00,70.00,28.00
8/14/2024,Cassava,18.00,25.00,20.00
8/13/2024,Gabi (bisol),30.00,70.00,45.00
8/13/2024,Kamote,40.00,50.00,30.00
8/13/2024,Karlang,35.00,40.00,28.00
8/13/2024,Cassava,18.00,25.00,20.00
8/12/2024,Gabi (bisol),30.00,60.00,45.00
8/12/2024,Kamote,40.00,40.00,30.00
8/12/2024,Karlang,35.00,50.00,28.00
8/12/2024,Cassava,18.00,18.00,20.00
8/11/2024,Gabi (bisol),30.00,60.00,45.00
8/11/2024,Kamote,40.00,40.00,30.00
8/11/2024,Karlang,35.00,45.00,28.00
8/11/2024,Cassava,18.00,18.00,20.00
8/10/2024,Gabi (bisol),30.00,60.00,45.00
8/10/2024,Kamote,40.00,40.00,30.00
8/10/2024,Karlang,35.00,50.00,28.00
8/10/2024,Cassava,18.00,18.00,20.00
8/9/2024,Gabi (bisol),30.00,60.00,45.00
8/9/2024,Kamote,40.00,35.00,30.00
8/9/2024,Karlang,35.00,50.00,28.00
8/9/2024,Cassava,18.00,18.00,20.00
8/8/2024,Gabi (bisol),30.00,60.00,45.00
8/8/2024,Kamote,40.00,40.00,30.00
8/8/2024,Karlang,35.00,50.00,28.00
8/8/2024,Cassava,18.00,20.00,20.00
8/7/2024,Gabi (bisol),30.00,75.00,45.00
8/7/2024,Kamote,40.00,55.00,30.00
8/7/2024,Karlang,35.00,70.00,25.00
8/7/2024,Cassava,18.00,25.00,20.00
8/6/2024,Gabi (bisol),30.00,70.00,45.00
8/6/2024,Kamote,40.00,50.00,30.00
8/6/2024,Karlang,35.00,60.00,25.00
8/6/2024,Cassava,18.00,20.00,20.00
8/5/2024,Gabi (bisol),30.00,70.00,45.00
8/5/2024,Kamote,40.00,40.00,30.00
8/5/2024,Karlang,35.00,50.00,20.00
8/5/2024,Cassava,18.00,18.00,20.00
8/4/2024,Gabi (bisol),30.00,70.00,45.00
8/4/2024,Kamote,40.00,35.00,30.00
8/4/2024,Karlang,35.00,50.00,25.00
8/4/2024,Cassava,18.00,18.00,20.00
8/3/2024,Gabi (bisol),30.00,40.00,45.00
8/3/2024,Kamote,40.00,18.00,30.00
8/3/2024,Karlang,35.00,70.00,25.00
8/3/2024,Cassava,18.00,18.00,20.00
8/2/2024,Gabi (bisol),30.00,70.00,45.00
8/2/2024,Kamote,40.00,50.00,32.00
8/2/2024,Karlang,30.00,60.00,25.00
8/2/2024,Cassava,18.00,18.00,20.00
8/1/2024,Gabi (bisol),30.00,70.00,45.00
8/1/2024,Kamote,40.00,50.00,32.00
8/1/2024,Karlang,30.00,60.00,25.00
8/1/2024,Cassava,18.00,20.00,20.00
7/31/2024,Gabi (bisol),30.00,60.00,45.00
7/31/2024,Kamote,40.00,35.00,32.00
7/31/2024,Karlang,30.00,50.00,28.00
7/31/2024,Cassava,18.00,20.00,20.00
7/30/2024,Gabi (bisol),40.00,70.00,45.00
7/30/2024,Kamote,40.00,40.00,32.00
7/30/2024,Karlang,35.00,70.00,28.00
7/30/2024,Cassava,18.00,25.00,20.00
7/29/2024,Gabi (bisol),40.00,70.00,45.00
7/29/2024,Kamote,40.00,35.00,32.00
7/29/2024,Karlang,25.00,50.00,28.00
7/29/2024,Cassava,18.00,18.00,20.00
7/28/2024,Gabi (bisol),40.00,70.00,45.00
7/28/2024,Kamote,40.00,40.00,32.00
7/28/2024,Karlang,25.00,50.00,28.00
7/28/2024,Cassava,18.00,18.00,20.00
7/27/2024,Gabi (bisol),40.00,70.00,45.00
7/27/2024,Kamote,40.00,35.00,32.00
7/27/2024,Karlang,25.00,45.00,28.00
7/27/2024,Cassava,18.00,18.00,20.00
7/26/2024,Gabi (bisol),40.00,70.00,45.00
7/26/2024,Kamote,40.00,35.00,32.00
7/26/2024,Karlang,25.00,40.00,28.00
7/26/2024,Cassava,18.00,18.00,20.00
7/25/2024,Gabi (bisol),40.00,90.00,45.00
7/25/2024,Kamote,40.00,50.00,32.00
7/25/2024,Karlang,17.00,40.00,20.00
7/25/2024,Cassava,18.00,20.00,20.00
7/24/2024,Gabi (bisol),40.00,40.00,45.00
7/24/2024,Kamote,18.00,50.00,32.00
7/24/2024,Karlang,17.00,35.00,20.00
7/24/2024,Cassava,18.00,18.00,20.00
7/23/2024,Gabi (bisol),40.00,70.00,45.00
7/23/2024,Kamote,18.00,50.00,32.00
7/23/2024,Karlang,17.00,25.00,20.00
7/23/2024,Cassava,18.00,18.00,20.00
7/22/2024,Gabi (bisol),40.00,18.00,45.00
7/22/2024,Kamote,18.00,34.00,32.00
7/22/2024,Karlang,17.00,30.00,20.00
7/22/2024,Cassava,18.00,8.00,20.00
7/21/2024,Gabi (bisol),40.00,18.00,45.00
7/21/2024,Kamote,18.00,34.00,32.00
7/21/2024,Karlang,17.00,30.00,20.00
7/21/2024,Cassava,18.00,8.00,20.00
7/20/2024,Gabi (bisol),40.00,18.00,45.00
7/20/2024,Kamote,18.00,34.00,32.00
7/20/2024,Karlang,17.00,30.00,20.00
7/20/2024,Cassava,18.00,8.00,20.00
7/19/2024,Gabi (bisol),40.00,60.00,45.00
7/19/2024,Kamote,18.00,34.00,32.00
7/19/2024,Karlang,17.00,30.00,20.00
7/19/2024,Cassava,18.00,8.00,20.00
7/18/2024,Gabi (bisol),40.00,70.00,45.00
7/18/2024,Kamote,18.00,55.00,30.00
7/18/2024,Karlang,17.00,30.00,20.00
7/18/2024,Cassava,18.00,40.00,16.00
7/17/2024,Gabi (bisol),40.00,70.00,45.00
7/17/2024,Kamote,18.00,40.00,30.00
7/17/2024,Karlang,17.00,60.00,20.00
7/17/2024,Cassava,18.00,18.00,16.00
7/16/2024,Gabi (bisol),40.00,50.00,45.00
7/16/2024,Kamote,35.00,30.00,30.00
7/16/2024,Karlang,17.00,40.00,20.00
7/16/2024,Cassava,18.00,18.00,16.00
7/15/2024,Gabi (bisol),40.00,50.00,45.00
7/15/2024,Kamote,25.00,35.00,30.00
7/15/2024,Karlang,20.00,45.00,26.00
7/15/2024,Cassava,18.00,18.00,16.00
7/14/2024,Gabi (bisol),40.00,50.00,45.00
7/14/2024,Kamote,25.00,35.00,30.00
7/14/2024,Karlang,20.00,45.00,26.00
7/14/2024,Cassava,18.00,18.00,16.00
7/13/2024,Gabi (bisol),40.00,50.00,45.00
7/13/2024,Kamote,25.00,35.00,30.00
7/13/2024,Karlang,20.00,45.00,26.00
7/13/2024,Cassava,18.00,18.00,16.00
7/12/2024,Gabi (bisol),40.00,60.00,45.00
7/12/2024,Kamote,25.00,45.00,30.00
7/12/2024,Karlang,20.00,30.00,26.00
7/12/2024,Cassava,18.00,18.00,16.00
7/11/2024,Gabi (bisol),40.00,50.00,45.00
7/11/2024,Kamote,25.00,30.00,30.00
7/11/2024,Karlang,20.00,45.00,24.00
7/11/2024,Cassava,18.00,20.00,16.00
7/10/2024,Gabi (bisol),40.00,65.00,45.00
7/10/2024,Kamote,25.00,45.00,30.00
7/10/2024,Karlang,20.00,60.00,24.00
7/10/2024,Cassava,18.00,18.00,16.00
7/9/2024,Gabi (bisol),40.00,60.00,45.00
7/9/2024,Kamote,25.00,40.00,30.00
7/9/2024,Karlang,20.00,50.00,25.00
7/9/2024,Cassava,18.00,20.00,16.00
7/8/2024,Gabi (bisol),40.00,50.00,45.00
7/8/2024,Kamote,25.00,40.00,30.00
7/8/2024,Karlang,20.00,45.00,25.00
7/8/2024,Cassava,18.00,20.00,16.00
7/7/2024,Gabi (bisol),40.00,60.00,45.00
7/7/2024,Kamote,25.00,40.00,30.00
7/7/2024,Karlang,20.00,40.00,25.00
7/7/2024,Cassava,18.00,15.00,16.00
7/6/2024,Gabi (bisol),40.00,60.00,45.00
7/6/2024,Kamote,25.00,45.00,30.00
7/6/2024,Karlang,20.00,40.00,24.00
7/6/2024,Cassava,18.00,15.00,16.00
7/5/2024,Gabi (bisol),40.00,60.00,45.00
7/5/2024,Kamote,25.00,45.00,30.00
7/5/2024,Karlang,20.00,60.00,24.00
7/5/2024,Cassava,18.00,18.00,16.00
7/4/2024,Gabi (bisol),40.00,60.00,45.00
7/4/2024,Kamote,25.00,45.00,30.00
7/4/2024,Karlang,20.00,50.00,24.00
7/4/2024,Cassava,18.00,18.00,16.00
7/3/2024,Gabi (bisol),40.00,60.00,45.00
7/3/2024,Kamote,25.00,45.00,27.00
7/3/2024,Karlang,20.00,60.00,18.00
7/3/2024,Cassava,18.00,18.00,16.00
7/2/2024,Gabi (bisol),40.00,65.00,45.00
7/2/2024,Kamote,25.00,45.00,27.00
7/2/2024,Karlang,20.00,50.00,18.00
7/2/2024,Cassava,18.00,18.00,16.00
7/1/2024,Gabi (bisol),40.00,50.00,45.00
7/1/2024,Kamote,25.00,35.00,27.00
7/1/2024,Karlang,20.00,40.00,18.00
7/1/2024,Cassava,18.00,20.00,16.00
6/30/2024,Gabi (bisol),40.00,60.00,45.00
6/30/2024,Kamote,25.00,30.00,27.00
6/30/2024,Karlang,20.00,40.00,18.00
6/30/2024,Cassava,18.00,18.00,16.00
6/29/2024,Gabi (bisol),40.00,50.00,45.00
6/29/2024,Kamote,25.00,35.00,27.00
6/29/2024,Karlang,20.00,40.00,18.00
6/29/2024,Cassava,18.00,18.00,16.00
6/28/2024,Gabi (bisol),40.00,50.00,45.00
6/28/2024,Kamote,25.00,30.00,27.00
6/28/2024,Karlang,20.00,40.00,18.00
6/28/2024,Cassava,18.00,18.00,16.00
6/27/2024,Gabi (bisol),40.00,50.00,45.00
6/27/2024,Kamote,25.00,35.00,27.00
6/27/2024,Karlang,20.00,40.00,18.00
6/27/2024,Cassava,18.00,18.00,16.00
6/26/2024,Gabi (bisol),40.00,50.00,45.00
6/26/2024,Kamote,25.00,30.00,28.00
6/26/2024,Karlang,20.00,40.00,18.00
6/26/2024,Cassava,18.00,18.00,16.00
6/25/2024,Gabi (bisol),40.00,55.00,45.00
6/25/2024,Kamote,25.00,30.00,28.00
6/25/2024,Karlang,20.00,30.00,18.00
6/25/2024,Cassava,18.00,18.00,16.00
6/24/2024,Gabi (bisol),40.00,50.00,45.00
6/24/2024,Kamote,25.00,30.00,28.00
6/24/2024,Karlang,20.00,25.00,18.00
6/24/2024,Cassava,18.00,18.00,16.00
6/23/2024,Gabi (bisol),40.00,45.00,45.00
6/23/2024,Kamote,25.00,35.00,28.00
6/23/2024,Karlang,20.00,27.50,18.00
6/23/2024,Cassava,18.00,18.00,16.00
6/22/2024,Gabi (bisol),40.00,50.00,45.00
6/22/2024,Kamote,25.00,40.00,28.00
6/22/2024,Karlang,20.00,30.00,18.00
6/22/2024,Cassava,18.00,20.00,16.00
6/21/2024,Gabi (bisol),40.00,50.00,45.00
6/21/2024,Kamote,25.00,40.00,28.00
6/21/2024,Karlang,20.00,40.00,18.00
6/21/2024,Cassava,18.00,18.00,16.00
6/20/2024,Gabi (bisol),40.00,50.00,45.00
6/20/2024,Kamote,25.00,40.00,30.00
6/20/2024,Karlang,20.00,30.00,18.00
6/20/2024,Cassava,18.00,18.00,16.00
6/19/2024,Gabi (bisol),40.00,50.00,45.00
6/19/2024,Kamote,25.00,40.00,28.00
6/19/2024,Karlang,20.00,35.00,17.00
6/19/2024,Cassava,18.00,18.00,16.00
6/18/2024,Gabi (bisol),40.00,55.00,45.00
6/18/2024,Kamote,25.00,45.00,30.00
6/18/2024,Karlang,20.00,60.00,17.00
6/18/2024,Cassava,18.00,18.00,16.00
6/17/2024,Gabi (bisol),40.00,55.00,45.00
6/17/2024,Kamote,25.00,45.00,30.00
6/17/2024,Karlang,20.00,60.00,17.00
6/17/2024,Cassava,18.00,18.00,16.00
6/16/2024,Gabi (bisol),40.00,55.00,45.00
6/16/2024,Kamote,25.00,45.00,30.00
6/16/2024,Karlang,20.00,60.00,17.00
6/16/2024,Cassava,18.00,18.00,16.00
6/15/2024,Gabi (bisol),40.00,55.00,45.00
6/15/2024,Kamote,25.00,45.00,30.00
6/15/2024,Karlang,20.00,60.00,17.00
6/15/2024,Cassava,18.00,18.00,16.00
6/14/2024,Gabi (bisol),40.00,50.00,45.00
6/14/2024,Kamote,25.00,30.00,30.00
6/14/2024,Karlang,20.00,20.00,17.00
6/14/2024,Cassava,18.00,18.00,16.00
6/13/2024,Gabi (bisol),40.00,65.00,45.00
6/13/2024,Kamote,25.00,45.00,30.00
6/13/2024,Karlang,20.00,60.00,17.00
6/13/2024,Cassava,18.00,18.00,16.00
6/12/2024,Gabi (bisol),40.00,65.00,45.00
6/12/2024,Kamote,25.00,45.00,28.00
6/12/2024,Karlang,20.00,60.00,17.00
6/12/2024,Cassava,18.00,18.00,16.00
6/11/2024,Gabi (bisol),40.00,65.00,45.00
6/11/2024,Kamote,25.00,45.00,28.00
6/11/2024,Karlang,20.00,60.00,17.00
6/11/2024,Cassava,18.00,18.00,16.00
6/10/2024,Gabi (bisol),40.00,60.00,45.00
6/10/2024,Kamote,25.00,30.00,28.00
6/10/2024,Karlang,20.00,40.00,17.00
6/10/2024,Cassava,18.00,18.00,16.00
6/9/2024,Gabi (bisol),40.00,60.00,45.00
6/9/2024,Kamote,25.00,30.00,28.00
6/9/2024,Karlang,20.00,40.00,17.00
6/9/2024,Cassava,18.00,18.00,16.00
6/8/2024,Gabi (bisol),40.00,60.00,45.00
6/8/2024,Kamote,25.00,30.00,28.00
6/8/2024,Karlang,20.00,40.00,17.00
6/8/2024,Cassava,18.00,18.00,16.00
6/7/2024,Gabi (bisol),40.00,40.00,45.00
6/7/2024,Kamote,25.00,30.00,28.00
6/7/2024,Karlang,20.00,30.00,17.00
6/7/2024,Cassava,18.00,18.00,16.00
6/6/2024,Gabi (bisol),40.00,50.00,45.00
6/6/2024,Kamote,25.00,30.00,26.00
6/6/2024,Karlang,20.00,35.00,18.00
6/6/2024,Cassava,18.00,18.00,16.00
6/5/2024,Gabi (bisol),40.00,45.00,45.00
6/5/2024,Kamote,25.00,25.00,26.00
6/5/2024,Karlang,20.00,30.00,16.00
6/5/2024,Cassava,18.00,18.00,16.00
6/4/2024,Gabi (bisol),40.00,50.00,45.00
6/4/2024,Kamote,25.00,25.00,26.00
6/4/2024,Karlang,20.00,30.00,16.00
6/4/2024,Cassava,18.00,20.00,16.00
6/3/2024,Gabi (bisol),40.00,60.00,45.00
6/3/2024,Kamote,25.00,50.00,26.00
6/3/2024,Karlang,20.00,30.00,16.00
6/3/2024,Cassava,18.00,35.00,16.00
6/2/2024,Gabi (bisol),40.00,60.00,45.00
6/2/2024,Kamote,25.00,50.00,30.00
6/2/2024,Karlang,20.00,30.00,27.00
6/2/2024,Cassava,18.00,35.00,16.00
6/1/2024,Gabi (bisol),40.00,60.00,45.00
6/1/2024,Kamote,25.00,50.00,30.00
6/1/2024,Karlang,20.00,30.00,27.00
6/1/2024,Cassava,18.00,35.00,16.00
5/31/2024,Gabi (bisol),40.00,40.00,45.00
5/31/2024,Kamote,25.00,30.00,30.00
5/31/2024,Karlang,28.00,40.00,16.00
5/31/2024,Cassava,18.00,18.00,18.00
5/30/2024,Gabi (bisol),40.00,40.00,45.00
5/30/2024,Kamote,25.00,30.00,30.00
5/30/2024,Karlang,28.00,40.00,16.00
5/30/2024,Cassava,18.00,18.00,18.00
5/29/2024,Gabi (bisol),40.00,40.00,45.00
5/29/2024,Kamote,25.00,30.00,30.00
5/29/2024,Karlang,28.00,40.00,16.00
5/29/2024,Cassava,18.00,18.00,18.00
5/28/2024,Gabi (bisol),40.00,50.00,45.00
5/28/2024,Kamote,25.00,30.00,30.00
5/28/2024,Karlang,28.00,40.00,16.00
5/28/2024,Cassava,18.00,20.00,18.00
5/27/2024,Gabi (bisol),40.00,65.00,45.00
5/27/2024,Kamote,22.00,25.00,30.00
5/27/2024,Karlang,12.00,30.00,16.00
5/27/2024,Cassava,18.00,18.00,18.00
5/24/2024,Gabi (bisol),40.00,50.00,45.00
5/24/2024,Kamote,22.00,30.00,30.00
5/24/2024,Karlang,12.00,27.50,16.00
5/24/2024,Cassava,18.00,18.00,18.00
5/22/2024,Gabi (bisol),40.00,60.00,45.00
5/22/2024,Kamote,22.00,25.00,34.00
5/22/2024,Karlang,12.00,30.00,16.00
5/22/2024,Cassava,18.00,25.00,18.00
5/21/2024,Gabi (bisol),40.00,60.00,45.00
5/21/2024,Kamote,22.00,25.00,34.00
5/21/2024,Karlang,12.00,35.00,16.00
5/21/2024,Cassava,18.00,18.00,18.00
5/20/2024,Gabi (bisol),40.00,60.00,45.00
5/20/2024,Kamote,22.00,35.00,34.00
5/20/2024,Karlang,12.00,40.00,16.00
5/20/2024,Cassava,18.00,20.00,18.00
5/19/2024,Gabi (bisol),40.00,60.00,45.00
5/19/2024,Kamote,22.00,35.00,34.00
5/19/2024,Karlang,12.00,40.00,16.00
5/19/2024,Cassava,18.00,20.00,18.00
5/18/2024,Gabi (bisol),40.00,60.00,45.00
5/18/2024,Kamote,22.00,35.00,34.00
5/18/2024,Karlang,12.00,40.00,16.00
5/18/2024,Cassava,18.00,20.00,18.00
5/17/2024,Gabi (bisol),40.00,60.00,45.00
5/17/2024,Kamote,22.00,35.00,34.00
5/17/2024,Karlang,12.00,40.00,16.00
5/17/2024,Cassava,18.00,20.00,18.00
5/16/2024,Gabi (bisol),40.00,60.00,45.00
5/16/2024,Kamote,22.00,35.00,34.00
5/16/2024,Karlang,12.00,40.00,16.00
5/16/2024,Cassava,18.00,20.00,18.00
5/15/2024,Gabi (bisol),40.00,60.00,45.00
5/15/2024,Kamote,22.00,35.00,34.00
5/15/2024,Karlang,12.00,40.00,16.00
5/15/2024,Cassava,18.00,20.00,18.00
5/14/2024,Gabi (bisol),40.00,60.00,45.00
5/14/2024,Kamote,22.00,35.00,34.00
5/14/2024,Karlang,12.00,40.00,16.00
5/14/2024,Cassava,18.00,20.00,18.00
5/13/2024,Gabi (bisol),40.00,60.00,45.00
5/13/2024,Kamote,22.00,35.00,34.00
5/13/2024,Karlang,12.00,40.00,16.00
5/13/2024,Cassava,18.00,20.00,18.00
5/12/2024,Gabi (bisol),40.00,60.00,45.00
5/12/2024,Kamote,22.00,35.00,34.00
5/12/2024,Karlang,12.00,40.00,16.00
5/12/2024,Cassava,18.00,20.00,18.00
5/11/2024,Gabi (bisol),40.00,60.00,45.00
5/11/2024,Kamote,22.00,35.00,34.00
5/11/2024,Karlang,12.00,40.00,16.00
5/11/2024,Cassava,18.00,20.00,18.00
5/10/2024,Gabi (bisol),40.00,40.00,45.00
5/10/2024,Kamote,22.00,25.00,34.00
5/10/2024,Karlang,12.00,30.00,16.00
5/10/2024,Cassava,18.00,18.00,18.00
5/9/2024,Gabi (bisol),40.00,50.00,45.00
5/9/2024,Kamote,22.00,25.00,27.00
5/9/2024,Karlang,12.00,35.00,19.00
5/9/2024,Cassava,18.00,18.00,18.00
5/8/2024,Gabi (bisol),40.00,50.00,45.00
5/8/2024,Kamote,22.00,25.00,27.00
5/8/2024,Karlang,12.00,35.00,19.00
5/8/2024,Cassava,18.00,18.00,18.00
5/7/2024,Gabi (bisol),40.00,60.00,45.00
5/7/2024,Kamote,22.00,35.00,26.00
5/7/2024,Karlang,12.00,45.00,18.00
5/7/2024,Cassava,18.00,18.00,18.00
5/6/2024,Gabi (bisol),40.00,55.00,45.00
5/6/2024,Kamote,22.00,30.00,26.00
5/6/2024,Karlang,12.00,35.00,18.00
5/6/2024,Cassava,18.00,25.00,18.00
5/5/2024,Gabi (bisol),40.00,55.00,45.00
5/5/2024,Kamote,22.00,30.00,25.00
5/5/2024,Karlang,12.00,35.00,14.00
5/5/2024,Cassava,18.00,25.00,18.00
5/4/2024,Gabi (bisol),40.00,55.00,45.00
5/4/2024,Kamote,22.00,30.00,25.00
5/4/2024,Karlang,12.00,35.00,14.00
5/4/2024,Cassava,18.00,25.00,18.00
5/3/2024,Gabi (bisol),40.00,40.00,45.00
5/3/2024,Kamote,25.00,25.00,25.00
5/3/2024,Karlang,12.00,25.00,14.00
5/3/2024,Cassava,18.00,25.00,18.00
5/2/2024,Gabi (bisol),40.00,60.00,45.00
5/2/2024,Kamote,25.00,40.00,25.00
5/2/2024,Karlang,12.00,45.00,14.00
5/2/2024,Cassava,18.00,18.00,18.00
5/1/2024,Gabi (bisol),40.00,60.00,45.00
5/1/2024,Kamote,25.00,40.00,28.00
5/1/2024,Karlang,12.00,45.00,14.00
5/1/2024,Cassava,18.00,18.00,18.00
4/30/2024,Gabi (bisol),40.00,60.00,45.00
4/30/2024,Kamote,25.00,35.00,28.00
4/30/2024,Karlang,12.00,40.00,14.00
4/30/2024,Cassava,18.00,18.00,18.00
4/29/2024,Gabi (bisol),40.00,40.00,45.00
4/29/2024,Kamote,25.00,35.00,23.00
4/29/2024,Karlang,12.00,20.00,14.00
4/29/2024,Cassava,18.00,18.00,18.00
4/28/2024,Gabi (bisol),40.00,40.00,45.00
4/28/2024,Kamote,25.00,35.00,23.00
4/28/2024,Karlang,12.00,20.00,14.00
4/28/2024,Cassava,18.00,18.00,18.00
4/27/2024,Gabi (bisol),40.00,40.00,45.00
4/27/2024,Kamote,25.00,35.00,23.00
4/27/2024,Karlang,12.00,20.00,15.00
4/27/2024,Cassava,18.00,18.00,18.00
4/26/2024,Gabi (bisol),40.00,50.00,45.00
4/26/2024,Kamote,25.00,25.00,23.00
4/26/2024,Karlang,12.00,40.00,15.00
4/26/2024,Cassava,18.00,18.00,18.00
4/25/2024,Gabi (bisol),40.00,55.00,45.00
4/25/2024,Kamote,25.00,30.00,23.00
4/25/2024,Karlang,12.00,40.00,15.00
4/25/2024,Cassava,18.00,18.00,18.00
4/24/2024,Gabi (bisol),40.00,50.00,45.00
4/24/2024,Kamote,25.00,25.00,25.00
4/24/2024,Karlang,12.00,40.00,15.00
4/24/2024,Cassava,18.00,18.00,18.00
4/23/2024,Gabi (bisol),40.00,60.00,45.00
4/23/2024,Kamote,25.00,35.00,23.00
4/23/2024,Karlang,12.00,50.00,14.00
4/23/2024,Cassava,18.00,18.00,18.00
4/22/2024,Gabi (bisol),40.00,60.00,45.00
4/22/2024,Kamote,25.00,30.00,23.00
4/22/2024,Karlang,12.00,45.00,14.00
4/22/2024,Cassava,18.00,18.00,18.00
4/21/2024,Gabi (bisol),40.00,60.00,45.00
4/21/2024,Kamote,25.00,30.00,20.00
4/21/2024,Karlang,12.00,45.00,14.00
4/21/2024,Cassava,18.00,18.00,18.00
4/20/2024,Gabi (bisol),40.00,60.00,45.00
4/20/2024,Kamote,25.00,30.00,20.00
4/20/2024,Karlang,12.00,45.00,14.00
4/20/2024,Cassava,18.00,18.00,18.00
4/19/2024,Gabi (bisol),40.00,50.00,45.00
4/19/2024,Kamote,20.00,25.00,20.00
4/19/2024,Karlang,12.00,40.00,14.00
4/19/2024,Cassava,18.00,18.00,18.00
4/18/2024,Gabi (bisol),40.00,60.00,45.00
4/18/2024,Kamote,20.00,30.00,20.00
4/18/2024,Karlang,12.00,40.00,14.00
4/18/2024,Cassava,18.00,18.00,18.00
4/17/2024,Gabi (bisol),40.00,50.00,45.00
4/17/2024,Kamote,20.00,25.00,21.00
4/17/2024,Karlang,12.00,40.00,13.00
4/17/2024,Cassava,18.00,18.00,18.00
4/16/2024,Gabi (bisol),40.00,60.00,45.00
4/16/2024,Kamote,20.00,35.00,21.00
4/16/2024,Karlang,12.00,40.00,13.00
4/16/2024,Cassava,18.00,18.00,18.00
4/15/2024,Gabi (bisol),40.00,55.00,45.00
4/15/2024,Kamote,20.00,35.00,21.00
4/15/2024,Karlang,12.00,35.00,14.00
4/15/2024,Cassava,18.00,18.00,18.00
4/14/2024,Gabi (bisol),40.00,60.00,45.00
4/14/2024,Kamote,20.00,35.00,21.00
4/14/2024,Karlang,12.00,35.00,14.00
4/14/2024,Cassava,18.00,18.00,18.00
4/13/2024,Gabi (bisol),40.00,60.00,45.00
4/13/2024,Kamote,20.00,35.00,21.00
4/13/2024,Karlang,12.00,35.00,14.00
4/13/2024,Cassava,18.00,18.00,18.00
4/12/2024,Gabi (bisol),40.00,60.00,45.00
4/12/2024,Kamote,22.00,30.00,21.00
4/12/2024,Karlang,27.00,40.00,14.00
4/12/2024,Cassava,18.00,18.00,18.00
4/11/2024,Gabi (bisol),40.00,50.00,45.00
4/11/2024,Kamote,22.00,35.00,16.00
4/11/2024,Karlang,27.00,40.00,14.00
4/11/2024,Cassava,18.00,18.00,18.00
4/10/2024,Gabi (bisol),40.00,50.00,45.00
4/10/2024,Kamote,22.00,35.00,16.00
4/10/2024,Karlang,27.00,40.00,14.00
4/10/2024,Cassava,18.00,18.00,18.00
4/9/2024,Gabi (bisol),40.00,50.00,45.00
4/9/2024,Kamote,22.00,35.00,16.00
4/9/2024,Karlang,27.00,40.00,12.00
4/9/2024,Cassava,18.00,18.00,18.00
4/8/2024,Gabi (bisol),40.00,60.00,45.00
4/8/2024,Kamote,20.00,35.00,16.00
4/8/2024,Karlang,18.00,30.00,12.00
4/8/2024,Cassava,18.00,18.00,18.00
4/7/2024,Gabi (bisol),40.00,60.00,45.00
4/7/2024,Kamote,20.00,35.00,16.00
4/7/2024,Karlang,18.00,30.00,12.00
4/7/2024,Cassava,18.00,18.00,18.00
4/6/2024,Gabi (bisol),40.00,60.00,45.00
4/6/2024,Kamote,20.00,35.00,16.00
4/6/2024,Karlang,18.00,30.00,12.00
4/6/2024,Cassava,18.00,18.00,18.00
4/5/2024,Gabi (bisol),40.00,40.00,45.00
4/5/2024,Kamote,30.00,25.00,16.00
4/5/2024,Karlang,30.00,25.00,12.00
4/5/2024,Cassava,18.00,18.00,18.00
4/4/2024,Gabi (bisol),40.00,70.00,45.00
4/4/2024,Kamote,30.00,35.00,16.00
4/4/2024,Karlang,30.00,40.00,12.00
4/4/2024,Cassava,18.00,18.00,18.00
4/3/2024,Gabi (bisol),40.00,40.00,45.00
4/3/2024,Kamote,30.00,25.00,16.00
4/3/2024,Karlang,30.00,25.00,12.00
4/3/2024,Cassava,18.00,18.00,18.00
4/2/2024,Gabi (bisol),40.00,65.00,45.00
4/2/2024,Kamote,30.00,40.00,16.00
4/2/2024,Karlang,30.00,40.00,12.00
4/2/2024,Cassava,18.00,18.00,18.00
4/1/2024,Gabi (bisol),40.00,65.00,45.00
4/1/2024,Kamote,30.00,40.00,20.00
4/1/2024,Karlang,30.00,40.00,13.00
4/1/2024,Cassava,18.00,18.00,18.00
3/31/2024,Gabi (bisol),40.00,60.00,45.00
3/31/2024,Kamote,18.00,25.00,20.00
3/31/2024,Karlang,18.00,40.00,13.00
3/31/2024,Cassava,18.00,18.00,18.00
3/30/2024,Gabi (bisol),40.00,60.00,45.00
3/30/2024,Kamote,18.00,25.00,20.00
3/30/2024,Karlang,18.00,40.00,15.00
3/30/2024,Cassava,18.00,18.00,18.00
3/29/2024,Gabi (bisol),40.00,60.00,45.00
3/29/2024,Kamote,18.00,25.00,20.00
3/29/2024,Karlang,18.00,40.00,15.00
3/29/2024,Cassava,18.00,18.00,18.00
3/28/2024,Gabi (bisol),40.00,60.00,45.00
3/28/2024,Kamote,18.00,25.00,20.00
3/28/2024,Karlang,18.00,40.00,15.00
3/28/2024,Cassava,18.00,18.00,18.00
3/27/2024,Gabi (bisol),40.00,60.00,45.00
3/27/2024,Kamote,18.00,25.00,20.00
3/27/2024,Karlang,18.00,40.00,15.00
3/27/2024,Cassava,18.00,18.00,18.00
3/26/2024,Gabi (bisol),40.00,60.00,45.00
3/26/2024,Kamote,18.00,40.00,20.00
3/26/2024,Karlang,18.00,40.00,15.00
3/26/2024,Cassava,18.00,18.00,18.00
3/25/2024,Gabi (bisol),40.00,60.00,16.00
3/25/2024,Kamote,18.00,40.00,22.00
3/25/2024,Karlang,18.00,40.00,13.00
3/25/2024,Cassava,18.00,18.00,18.00
3/24/2024,Gabi (bisol),40.00,60.00,16.00
3/24/2024,Kamote,18.00,40.00,22.00
3/24/2024,Karlang,18.00,40.00,13.00
3/24/2024,Cassava,18.00,18.00,18.00
3/23/2024,Gabi (bisol),40.00,60.00,16.00
3/23/2024,Kamote,18.00,40.00,22.00
3/23/2024,Karlang,18.00,40.00,13.00
3/23/2024,Cassava,18.00,18.00,18.00
3/22/2024,Gabi (bisol),40.00,60.00,16.00
3/22/2024,Kamote,18.00,40.00,22.00
3/22/2024,Karlang,18.00,40.00,13.00
3/22/2024,Cassava,18.00,18.00,18.00
3/21/2024,Gabi (bisol),40.00,60.00,16.00
3/21/2024,Kamote,20.00,40.00,22.00
3/21/2024,Karlang,18.00,45.00,13.00
3/21/2024,Cassava,18.00,18.00,18.00
3/20/2024,Gabi (bisol),40.00,55.00,16.00
3/20/2024,Kamote,20.00,25.00,20.00
3/20/2024,Karlang,18.00,40.00,14.00
3/20/2024,Cassava,18.00,18.00,18.00
3/19/2024,Gabi (bisol),40.00,70.00,16.00
3/19/2024,Kamote,20.00,35.00,20.00
3/19/2024,Karlang,18.00,40.00,14.00
3/19/2024,Cassava,18.00,18.00,18.00
3/18/2024,Gabi (bisol),40.00,65.00,16.00
3/18/2024,Kamote,20.00,40.00,20.00
3/18/2024,Karlang,18.00,25.00,14.00
3/18/2024,Cassava,18.00,18.00,18.00
3/17/2024,Gabi (bisol),40.00,60.00,16.00
3/17/2024,Kamote,20.00,35.00,20.00
3/17/2024,Karlang,18.00,40.00,14.00
3/17/2024,Cassava,18.00,18.00,18.00
3/16/2024,Gabi (bisol),40.00,60.00,16.00
3/16/2024,Kamote,20.00,35.00,20.00
3/16/2024,Karlang,18.00,40.00,14.00
3/16/2024,Cassava,18.00,18.00,18.00
3/15/2024,Gabi (bisol),40.00,60.00,16.00
3/15/2024,Kamote,20.00,35.00,20.00
3/15/2024,Karlang,18.00,50.00,14.00
3/15/2024,Cassava,18.00,18.00,18.00
3/14/2024,Gabi (bisol),40.00,60.00,16.00
3/14/2024,Kamote,20.00,35.00,20.00
3/14/2024,Karlang,18.00,40.00,14.00
3/14/2024,Cassava,18.00,18.00,18.00
3/13/2024,Gabi (bisol),40.00,65.00,16.00
3/13/2024,Kamote,20.00,35.00,20.00
3/13/2024,Karlang,18.00,45.00,14.00
3/13/2024,Cassava,18.00,18.00,18.00
3/12/2024,Gabi (bisol),40.00,60.00,16.00
3/12/2024,Kamote,20.00,30.00,20.00
3/12/2024,Karlang,18.00,30.00,14.00
3/12/2024,Cassava,18.00,20.00,18.00
3/11/2024,Gabi (bisol),40.00,40.00,16.00
3/11/2024,Kamote,20.00,40.00,20.00
3/11/2024,Karlang,18.00,30.00,12.00
3/11/2024,Cassava,18.00,18.00,20.00
3/10/2024,Gabi (bisol),40.00,40.00,16.00
3/10/2024,Kamote,20.00,40.00,20.00
3/10/2024,Karlang,18.00,30.00,12.00
3/10/2024,Cassava,18.00,18.00,20.00
3/9/2024,Gabi (bisol),40.00,40.00,16.00
3/9/2024,Kamote,20.00,40.00,20.00
3/9/2024,Karlang,18.00,30.00,12.00
3/9/2024,Cassava,18.00,18.00,20.00
3/8/2024,Gabi (bisol),40.00,40.00,16.00
3/8/2024,Kamote,20.00,40.00,20.00
3/8/2024,Karlang,18.00,30.00,12.00
3/8/2024,Cassava,18.00,18.00,20.00
3/7/2024,Gabi (bisol),40.00,60.00,16.00
3/7/2024,Kamote,20.00,30.00,20.00
3/7/2024,Karlang,18.00,30.00,12.00
3/7/2024,Cassava,18.00,20.00,20.00
3/6/2024,Gabi (bisol),40.00,60.00,16.00
3/6/2024,Kamote,20.00,35.00,20.00
3/6/2024,Karlang,18.00,45.00,12.00
3/6/2024,Cassava,18.00,18.00,19.00
3/5/2024,Gabi (bisol),40.00,60.00,16.00
3/5/2024,Kamote,20.00,40.00,20.00
3/5/2024,Karlang,18.00,45.00,12.00
3/5/2024,Cassava,18.00,18.00,19.00
3/4/2024,Gabi (bisol),40.00,60.00,16.00
3/4/2024,Kamote,20.00,40.00,20.00
3/4/2024,Karlang,18.00,45.00,12.00
3/4/2024,Cassava,18.00,18.00,19.00
3/3/2024,Gabi (bisol),40.00,60.00,16.00
3/3/2024,Kamote,20.00,40.00,20.00
3/3/2024,Karlang,18.00,45.00,12.00
3/3/2024,Cassava,18.00,18.00,19.00
3/2/2024,Gabi (bisol),40.00,60.00,16.00
3/2/2024,Kamote,20.00,40.00,20.00
3/2/2024,Karlang,18.00,45.00,12.00
3/2/2024,Cassava,18.00,18.00,19.00
3/1/2024,Gabi (bisol),40.00,55.00,16.00
3/1/2024,Kamote,20.00,40.00,20.00
3/1/2024,Karlang,18.00,45.00,12.00
3/1/2024,Cassava,18.00,18.00,19.00
2/29/2024,Gabi (bisol),40.00,60.00,16.00
2/29/2024,Kamote,20.00,30.00,18.00
2/29/2024,Karlang,18.00,25.00,12.00
2/29/2024,Cassava,18.00,18.00,20.00
2/28/2024,Gabi (bisol),40.00,70.00,16.00
2/28/2024,Kamote,26.00,35.00,18.00
2/28/2024,Karlang,28.00,50.00,12.00
2/28/2024,Cassava,18.00,18.00,20.00
2/27/2024,Gabi (bisol),40.00,65.00,16.00
2/27/2024,Kamote,26.00,35.00,18.00
2/27/2024,Karlang,28.00,50.00,12.00
2/27/2024,Cassava,18.00,18.00,20.00
2/26/2024,Gabi (bisol),40.00,65.00,16.00
2/26/2024,Kamote,26.00,35.00,18.00
2/26/2024,Karlang,28.00,50.00,12.00
2/26/2024,Cassava,18.00,18.00,20.00
2/25/2024,Gabi (bisol),40.00,65.00,16.00
2/25/2024,Kamote,26.00,35.00,18.00
2/25/2024,Karlang,28.00,50.00,12.00
2/25/2024,Cassava,18.00,18.00,20.00
2/24/2024,Gabi (bisol),40.00,65.00,16.00
2/24/2024,Kamote,26.00,35.00,18.00
2/24/2024,Karlang,28.00,50.00,12.00
2/24/2024,Cassava,18.00,80.00,20.00
2/23/2024,Gabi (bisol),40.00,35.00,16.00
2/23/2024,Kamote,26.00,50.00,17.00
2/23/2024,Karlang,28.00,18.00,22.00
2/23/2024,Cassava,18.00,18.00,20.00
2/22/2024,Gabi (bisol),40.00,50.00,16.00
2/22/2024,Kamote,26.00,35.00,17.00
2/22/2024,Karlang,28.00,35.00,22.00
2/22/2024,Cassava,18.00,18.00,20.00
2/21/2024,Gabi (bisol),40.00,65.00,16.00
2/21/2024,Kamote,26.00,35.00,17.00
2/21/2024,Karlang,28.00,50.00,22.00
2/21/2024,Cassava,18.00,18.00,20.00
2/20/2024,Gabi (bisol),40.00,65.00,16.00
2/20/2024,Kamote,26.00,35.00,17.00
2/20/2024,Karlang,28.00,35.00,22.00
2/20/2024,Cassava,18.00,80.00,20.00
2/19/2024,Gabi (bisol),40.00,35.00,16.00
2/19/2024,Kamote,35.00,50.00,20.00
2/19/2024,Karlang,22.00,18.00,14.00
2/19/2024,Cassava,18.00,80.00,20.00
2/18/2024,Gabi (bisol),30.00,35.00,16.00
2/18/2024,Kamote,25.00,50.00,20.00
2/18/2024,Karlang,22.00,18.00,14.00
2/18/2024,Cassava,18.00,80.00,20.00
2/17/2024,Gabi (bisol),30.00,35.00,16.00
2/17/2024,Kamote,25.00,50.00,20.00
2/17/2024,Karlang,22.00,18.00,14.00
2/17/2024,Cassava,18.00,80.00,20.00
2/16/2024,Gabi (bisol),30.00,35.00,16.00
2/16/2024,Kamote,25.00,50.00,20.00
2/16/2024,Karlang,22.00,18.00,14.00
2/16/2024,Cassava,18.00,35.00,20.00
2/15/2024,Gabi (bisol),30.00,50.00,16.00
2/15/2024,Kamote,25.00,30.00,20.00
2/15/2024,Karlang,22.00,40.00,14.00
2/15/2024,Cassava,18.00,35.00,20.00
2/14/2024,Gabi (bisol),30.00,50.00,16.00
2/14/2024,Kamote,25.00,18.00,20.00
2/14/2024,Karlang,22.00,35.00,14.00
2/14/2024,Cassava,18.00,47.00,20.00
2/13/2024,Gabi (bisol),30.00,50.00,16.00
2/13/2024,Kamote,25.00,30.00,17.00
2/13/2024,Karlang,22.00,20.00,14.00
2/13/2024,Cassava,18.00,35.00,20.00
2/12/2024,Gabi (bisol),30.00,50.00,16.00
2/12/2024,Kamote,25.00,30.00,17.00
2/12/2024,Karlang,28.00,35.00,14.00
2/12/2024,Cassava,18.00,18.00,20.00
2/11/2024,Gabi (bisol),30.00,18.00,16.00
2/11/2024,Kamote,20.00,40.00,16.00
2/11/2024,Karlang,25.00,45.00,19.00
2/11/2024,Cassava,18.00,20.00,20.00
2/10/2024,Gabi (bisol),30.00,35.00,16.00
2/10/2024,Kamote,20.00,40.00,16.00
2/10/2024,Karlang,25.00,45.00,19.00
2/10/2024,Cassava,18.00,20.00,20.00
2/9/2024,Gabi (bisol),30.00,35.00,16.00
2/9/2024,Kamote,20.00,40.00,16.00
2/9/2024,Karlang,25.00,45.00,19.00
2/9/2024,Cassava,18.00,20.00,20.00
2/8/2024,Gabi (bisol),30.00,47.00,16.00
2/8/2024,Kamote,20.00,40.00,16.00
2/8/2024,Karlang,25.00,45.00,19.00
2/8/2024,Cassava,18.00,20.00,20.00
2/7/2024,Gabi (bisol),30.00,35.00,16.00
2/7/2024,Kamote,17.00,47.00,16.00
2/7/2024,Karlang,16.00,25.00,19.00
2/7/2024,Cassava,18.00,18.00,20.00
2/6/2024,Gabi (bisol),30.00,35.00,16.00
2/6/2024,Kamote,17.00,40.00,19.00
2/6/2024,Karlang,16.00,50.00,19.00
2/6/2024,Cassava,18.00,18.00,20.00
2/5/2024,Gabi (bisol),30.00,35.00,16.00
2/5/2024,Kamote,17.00,40.00,19.00
2/5/2024,Karlang,16.00,60.00,19.00
2/5/2024,Cassava,18.00,35.00,20.00
2/4/2024,Gabi (bisol),30.00,50.00,16.00
2/4/2024,Kamote,17.00,18.00,19.00
2/4/2024,Karlang,16.00,60.00,19.00
2/4/2024,Cassava,18.00,35.00,20.00
2/3/2024,Gabi (bisol),30.00,50.00,16.00
2/3/2024,Kamote,17.00,18.00,19.00
2/3/2024,Karlang,16.00,60.00,19.00
2/3/2024,Cassava,18.00,35.00,20.00
2/2/2024,Gabi (bisol),30.00,50.00,16.00
2/2/2024,Kamote,17.00,18.00,19.00
2/2/2024,Karlang,16.00,60.00,19.00
2/2/2024,Cassava,18.00,35.00,20.00
2/1/2024,Gabi (bisol),30.00,50.00,16.00
2/1/2024,Kamote,17.00,40.00,19.00
2/1/2024,Karlang,16.00,20.00,19.00
2/1/2024,Cassava,18.00,18.00,20.00
1/31/2024,Gabi (bisol),30.00,30.00,16.00
1/31/2024,Kamote,17.00,25.00,19.00
1/31/2024,Karlang,16.00,40.00,19.00
1/31/2024,Cassava,18.00,20.00,20.00
1/30/2024,Gabi (bisol),30.00,30.00,20.00
1/30/2024,Kamote,17.00,25.00,17.00
1/30/2024,Karlang,16.00,40.00,14.00
1/30/2024,Cassava,18.00,20.00,20.00
1/29/2024,Gabi (bisol),30.00,30.00,20.00
1/29/2024,Kamote,17.00,25.00,17.00
1/29/2024,Karlang,16.00,40.00,14.00
1/29/2024,Cassava,18.00,20.00,20.00
1/28/2024,Gabi (bisol),30.00,30.00,20.00
1/28/2024,Kamote,17.00,25.00,17.00
1/28/2024,Karlang,16.00,40.00,14.00
1/28/2024,Cassava,18.00,20.00,20.00
1/27/2024,Gabi (bisol),30.00,30.00,20.00
1/27/2024,Kamote,17.00,25.00,17.00
1/27/2024,Karlang,16.00,40.00,14.00
1/27/2024,Cassava,18.00,20.00,20.00
1/26/2024,Gabi (bisol),30.00,60.00,20.00
1/26/2024,Kamote,17.00,35.00,17.00
1/26/2024,Karlang,16.00,50.00,14.00
1/26/2024,Cassava,18.00,18.00,20.00
1/25/2024,Gabi (bisol),30.00,40.00,20.00
1/25/2024,Kamote,17.00,30.00,17.00
1/25/2024,Karlang,16.00,50.00,14.00
1/25/2024,Cassava,18.00,18.00,20.00
1/24/2024,Gabi (bisol),30.00,60.00,20.00
1/24/2024,Kamote,17.00,35.00,17.00
1/24/2024,Karlang,16.00,50.00,14.00
1/24/2024,Cassava,18.00,18.00,20.00
1/23/2024,Gabi (bisol),30.00,60.00,20.00
1/23/2024,Kamote,17.00,35.00,17.00
1/23/2024,Karlang,16.00,50.00,14.00
1/23/2024,Cassava,18.00,18.00,20.00
1/22/2024,Gabi (bisol),30.00,60.00,20.00
1/22/2024,Kamote,17.00,35.00,17.00
1/22/2024,Karlang,16.00,50.00,14.00
1/22/2024,Cassava,18.00,18.00,20.00
1/21/2024,Gabi (bisol),30.00,60.00,20.00
1/21/2024,Kamote,17.00,35.00,17.00
1/21/2024,Karlang,16.00,50.00,14.00
1/21/2024,Cassava,18.00,18.00,20.00
1/20/2024,Gabi (bisol),30.00,60.00,20.00
1/20/2024,Kamote,17.00,35.00,17.00
1/20/2024,Karlang,16.00,50.00,14.00
1/20/2024,Cassava,18.00,18.00,20.00
1/19/2024,Gabi (bisol),30.00,60.00,20.00
1/19/2024,Kamote,17.00,35.00,17.00
1/19/2024,Karlang,16.00,50.00,14.00
1/19/2024,Cassava,18.00,18.00,20.00
1/18/2024,Gabi (bisol),30.00,60.00,20.00
1/18/2024,Kamote,17.00,35.00,17.00
1/18/2024,Karlang,16.00,50.00,14.00
1/18/2024,Cassava,18.00,18.00,20.00
1/17/2024,Gabi (bisol),30.00,35.00,20.00
1/17/2024,Kamote,17.00,30.00,17.00
1/17/2024,Karlang,16.00,40.00,14.00
1/17/2024,Cassava,18.00,18.00,20.00
1/16/2024,Gabi (bisol),30.00,35.00,20.00
1/16/2024,Kamote,17.00,30.00,20.00
1/16/2024,Karlang,16.00,40.00,18.00
1/16/2024,Cassava,18.00,18.00,20.00
1/15/2024,Gabi (bisol),30.00,70.00,20.00
1/15/2024,Kamote,17.00,30.00,20.00
1/15/2024,Karlang,16.00,40.00,18.00
1/15/2024,Cassava,18.00,18.00,20.00
1/14/2024,Gabi (bisol),30.00,35.00,20.00
1/14/2024,Kamote,17.00,30.00,18.00
1/14/2024,Karlang,16.00,40.00,20.00
1/14/2024,Cassava,18.00,18.00,14.00
1/13/2024,Gabi (bisol),30.00,35.00,20.00
1/13/2024,Kamote,17.00,30.00,18.00
1/13/2024,Karlang,16.00,40.00,20.00
1/13/2024,Cassava,18.00,18.00,14.00
1/12/2024,Gabi (bisol),30.00,70.00,20.00
1/12/2024,Kamote,17.00,35.00,18.00
1/12/2024,Karlang,16.00,50.00,20.00
1/12/2024,Cassava,18.00,18.00,14.00
1/11/2024,Gabi (bisol),30.00,70.00,20.00
1/11/2024,Kamote,17.00,30.00,18.00
1/11/2024,Karlang,16.00,40.00,15.00
1/11/2024,Cassava,18.00,18.00,14.00
1/10/2024,Gabi (bisol),30.00,70.00,20.00
1/10/2024,Kamote,17.00,30.00,18.00
1/10/2024,Karlang,16.00,40.00,15.00
1/10/2024,Cassava,18.00,18.00,14.00
1/9/2024,Gabi (bisol),30.00,70.00,20.00
1/9/2024,Kamote,17.00,30.00,18.00
1/9/2024,Karlang,16.00,40.00,15.00
1/9/2024,Cassava,18.00,18.00,14.00
1/8/2024,Gabi (bisol),30.00,70.00,20.00
1/8/2024,Kamote,17.00,30.00,18.00
1/8/2024,Karlang,16.00,40.00,15.00
1/8/2024,Cassava,18.00,18.00,14.00
1/7/2024,Gabi (bisol),30.00,70.00,20.00
1/7/2024,Kamote,17.00,30.00,18.00
1/7/2024,Karlang,16.00,40.00,15.00
1/7/2024,Cassava,18.00,18.00,14.00
1/6/2024,Gabi (bisol),30.00,70.00,20.00
1/6/2024,Kamote,17.00,30.00,18.00
1/6/2024,Karlang,16.00,40.00,15.00
1/6/2024,Cassava,18.00,18.00,14.00
1/5/2024,Gabi (bisol),30.00,70.00,20.00
1/5/2024,Kamote,17.00,30.00,18.00
1/5/2024,Karlang,16.00,40.00,15.00
1/5/2024,Cassava,18.00,18.00,14.00
1/4/2024,Gabi (bisol),30.00,70.00,20.00
1/4/2024,Kamote,17.00,30.00,18.00
1/4/2024,Karlang,16.00,40.00,15.00
1/4/2024,Cassava,18.00,18.00,14.00
1/3/2024,Gabi (bisol),30.00,70.00,20.00
1/3/2024,Kamote,17.00,30.00,18.00
1/3/2024,Karlang,16.00,40.00,15.00
1/3/2024,Cassava,18.00,18.00,14.00
1/2/2024,Gabi (bisol),30.00,70.00,20.00
1/2/2024,Kamote,17.00,30.00,18.00
1/2/2024,Karlang,16.00,40.00,15.00
1/2/2024,Cassava,18.00,18.00,14.00
1/1/2024,Gabi (bisol),30.00,70.00,20.00
1/1/2024,Kamote,17.00,30.00,18.00
1/1/2024,Karlang,16.00,40.00,15.00
1/1/2024,Cassava,18.00,18.00,14.00
12/31/2023,Gabi (bisol),30.00,70.00,20.00
12/31/2023,Kamote,17.00,35.00,18.00
12/31/2023,Karlang,16.00,50.00,15.00
12/31/2023,Cassava,18.00,18.00,14.00
12/30/2023,Gabi (bisol),30.00,70.00,20.00
12/30/2023,Kamote,17.00,35.00,20.00
12/30/2023,Karlang,16.00,50.00,14.00
12/30/2023,Cassava,18.00,18.00,14.00
12/29/2023,Gabi (bisol),30.00,70.00,20.00
12/29/2023,Kamote,17.00,35.00,20.00
12/29/2023,Karlang,16.00,50.00,14.00
12/29/2023,Cassava,18.00,18.00,14.00
12/28/2023,Gabi (bisol),30.00,70.00,20.00
12/28/2023,Kamote,17.00,35.00,20.00
12/28/2023,Karlang,16.00,50.00,14.00
12/28/2023,Cassava,18.00,18.00,14.00
12/27/2023,Gabi (bisol),30.00,70.00,20.00
12/27/2023,Kamote,17.00,35.00,20.00
12/27/2023,Karlang,16.00,50.00,14.00
12/27/2023,Cassava,18.00,18.00,14.00
12/26/2023,Gabi (bisol),30.00,70.00,20.00
12/26/2023,Kamote,17.00,35.00,20.00
12/26/2023,Karlang,16.00,50.00,14.00
12/26/2023,Cassava,18.00,18.00,14.00
12/25/2023,Gabi (bisol),30.00,70.00,20.00
12/25/2023,Kamote,17.00,35.00,20.00
12/25/2023,Karlang,16.00,50.00,14.00
12/25/2023,Cassava,18.00,18.00,14.00
12/24/2023,Gabi (bisol),30.00,70.00,20.00
12/24/2023,Kamote,17.00,35.00,20.00
12/24/2023,Karlang,16.00,50.00,14.00
12/24/2023,Cassava,18.00,18.00,14.00
12/23/2023,Gabi (bisol),30.00,70.00,20.00
12/23/2023,Kamote,17.00,35.00,20.00
12/23/2023,Karlang,16.00,50.00,14.00
12/23/2023,Cassava,18.00,18.00,14.00
12/22/2023,Gabi (bisol),30.00,70.00,20.00
12/22/2023,Kamote,17.00,35.00,20.00
12/22/2023,Karlang,16.00,50.00,14.00
12/22/2023,Cassava,18.00,18.00,14.00
12/21/2023,Gabi (bisol),30.00,70.00,20.00
12/21/2023,Kamote,17.00,35.00,20.00
12/21/2023,Karlang,16.00,50.00,14.00
12/21/2023,Cassava,18.00,18.00,14.00
12/20/2023,Gabi (bisol),30.00,70.00,20.00
12/20/2023,Kamote,17.00,35.00,20.00
12/20/2023,Karlang,16.00,50.00,14.00
12/20/2023,Cassava,18.00,18.00,14.00
12/19/2023,Gabi (bisol),30.00,70.00,20.00
12/19/2023,Kamote,17.00,35.00,20.00
12/19/2023,Karlang,16.00,50.00,14.00
12/19/2023,Cassava,18.00,18.00,14.00
12/18/2023,Gabi (bisol),30.00,70.00,20.00
12/18/2023,Kamote,17.00,35.00,20.00
12/18/2023,Karlang,16.00,50.00,14.00
12/18/2023,Cassava,18.00,18.00,14.00
12/17/2023,Gabi (bisol),30.00,70.00,20.00
12/17/2023,Kamote,17.00,35.00,20.00
12/17/2023,Karlang,16.00,50.00,14.00
12/17/2023,Cassava,18.00,18.00,14.00
12/16/2023,Gabi (bisol),30.00,70.00,20.00
12/16/2023,Kamote,17.00,35.00,20.00
12/16/2023,Karlang,16.00,50.00,14.00
12/16/2023,Cassava,18.00,18.00,14.00
12/15/2023,Gabi (bisol),30.00,70.00,20.00
12/15/2023,Kamote,17.00,35.00,20.00
12/15/2023,Karlang,16.00,50.00,14.00
12/15/2023,Cassava,18.00,18.00,14.00
12/14/2023,Gabi (bisol),30.00,50.00,20.00
12/14/2023,Kamote,25.00,30.00,20.00
12/14/2023,Karlang,25.00,40.00,14.00
12/14/2023,Cassava,20.00,15.00,14.00
12/13/2023,Gabi (bisol),30.00,35.00,20.00
12/13/2023,Kamote,17.00,45.00,20.00
12/13/2023,Karlang,16.00,18.00,14.00
12/13/2023,Cassava,18.00,60.00,14.00
12/12/2023,Gabi (bisol),30.00,35.00,20.00
12/12/2023,Kamote,17.00,40.00,20.00
12/12/2023,Karlang,16.00,18.00,14.00
12/12/2023,Cassava,18.00,60.00,14.00
12/11/2023,Gabi (bisol),30.00,35.00,20.00
12/11/2023,Kamote,25.00,40.00,20.00
12/11/2023,Karlang,25.00,18.00,14.00
12/11/2023,Cassava,20.00,60.00,14.00
12/10/2023,Gabi (bisol),30.00,35.00,20.00
12/10/2023,Kamote,17.00,40.00,20.00
12/10/2023,Karlang,16.00,18.00,14.00
12/10/2023,Cassava,18.00,60.00,14.00
12/9/2023,Gabi (bisol),30.00,35.00,20.00
12/9/2023,Kamote,17.00,40.00,20.00
12/9/2023,Karlang,16.00,18.00,14.00
12/9/2023,Cassava,18.00,60.00,14.00
12/8/2023,Gabi (bisol),30.00,35.00,20.00
12/8/2023,Kamote,17.00,40.00,20.00
12/8/2023,Karlang,16.00,35.00,14.00
12/8/2023,Cassava,18.00,18.00,14.00
12/7/2023,Gabi (bisol),30.00,60.00,20.00
12/7/2023,Kamote,24.00,20.00,20.00
12/7/2023,Karlang,20.00,20.00,14.00
12/7/2023,Cassava,18.00,18.00,14.00
12/6/2023,Gabi (bisol),30.00,60.00,20.00
12/6/2023,Kamote,24.00,20.00,20.00
12/6/2023,Karlang,20.00,20.00,30.00
12/6/2023,Cassava,18.00,18.00,14.00
12/5/2023,Gabi (bisol),30.00,60.00,20.00
12/5/2023,Kamote,24.00,20.00,20.00
12/5/2023,Karlang,20.00,20.00,30.00
12/5/2023,Cassava,18.00,18.00,14.00
12/4/2023,Gabi (bisol),30.00,60.00,20.00
12/4/2023,Kamote,24.00,20.00,20.00
12/4/2023,Karlang,20.00,20.00,30.00
12/4/2023,Cassava,18.00,18.00,14.00
12/3/2023,Gabi (bisol),30.00,60.00,20.00
12/3/2023,Kamote,24.00,20.00,20.00
12/3/2023,Karlang,20.00,20.00,30.00
12/3/2023,Cassava,18.00,18.00,14.00
12/2/2023,Gabi (bisol),30.00,60.00,20.00
12/2/2023,Kamote,24.00,20.00,20.00
12/2/2023,Karlang,20.00,20.00,30.00
12/2/2023,Cassava,18.00,18.00,14.00
12/1/2023,Gabi (bisol),30.00,60.00,20.00
12/1/2023,Kamote,24.00,20.00,20.00
12/1/2023,Karlang,20.00,20.00,30.00
12/1/2023,Cassava,18.00,18.00,14.00
11/30/2023,Gabi (bisol),30.00,60.00,20.00
11/30/2023,Kamote,24.00,24.00,20.00
11/30/2023,Karlang,20.00,20.00,14.00
11/30/2023,Cassava,18.00,18.00,18.00
11/29/2023,Gabi (bisol),30.00,60.00,20.00
11/29/2023,Kamote,24.00,20.00,20.00
11/29/2023,Karlang,20.00,20.00,14.00
11/29/2023,Cassava,18.00,18.00,18.00
11/28/2023,Gabi (bisol),30.00,45.00,20.00
11/28/2023,Kamote,24.00,18.00,20.00
11/28/2023,Karlang,20.00,60.00,14.00
11/28/2023,Cassava,18.00,35.00,18.00
11/27/2023,Gabi (bisol),30.00,47.50,20.00
11/27/2023,Kamote,30.00,20.00,20.00
11/27/2023,Karlang,25.00,20.00,14.00
11/27/2023,Cassava,18 .00,18.00,18.00
11/26/2023,Gabi (bisol),30.00,60.00,20.00
11/26/2023,Kamote,30.00,20.00,20.00
11/26/2023,Karlang,25.00,20.00,14.00
11/26/2023,Cassava,18.00,18.00,18.00
11/25/2023,Gabi (bisol),30.00,60.00,14.00
11/25/2023,Kamote,30.00,20.00,20.00
11/25/2023,Karlang,25.00,20.00,14.00
11/25/2023,Cassava,18.00,18.00,18.00
11/24/2023,Gabi (bisol),30.00,60.00,14.00
11/24/2023,Kamote,30.00,20.00,20.00
11/24/2023,Karlang,25.00,20.00,14.00
11/24/2023,Cassava,18.00,18.00,18.00
11/23/2023,Gabi (bisol),30.00,60.00,14.00
11/23/2023,Kamote,30.00,20.00,20.00
11/23/2023,Karlang,25.00,20.00,14.00
11/23/2023,Cassava,18.00,18.00,18.00
11/22/2023,Gabi (bisol),30.00,60.00,20.00
11/22/2023,Kamote,30.00,30.00,18.00
11/22/2023,Karlang,25.00,30.00,14.00
11/22/2023,Cassava,18.00,18.00,18.00
11/21/2023,Gabi (bisol),30.00,60.00,20.00
11/21/2023,Kamote,30.00,35.00,18.00
11/21/2023,Karlang,25.00,45.00,14.00
11/21/2023,Cassava,18.00,18.00,18.00
11/20/2023,Gabi (bisol),30.00,60.00,20.00
11/20/2023,Kamote,30.00,30.00,18.00
11/20/2023,Karlang,15.00,30.00,14.00
11/20/2023,Cassava,18.00,18.00,18.00
11/19/2023,Gabi (bisol),30.00,60.00,20.00
11/19/2023,Kamote,30.00,30.00,18.00
11/19/2023,Karlang,15.00,30.00,14.00
11/19/2023,Cassava,18.00,18.00,18.00
11/18/2023,Gabi (bisol),30.00,60.00,20.00
11/18/2023,Kamote,30.00,30.00,18.00
11/18/2023,Karlang,15.00,30.00,14.00
11/18/2023,Cassava,18.00,18.00,20.00
11/17/2023,Gabi (bisol),30.00,60.00,20.00
11/17/2023,Kamote,30.00,30.00,20.00
11/17/2023,Karlang,15.00,20.00,14.00
11/17/2023,Cassava,18.00,20.00,21.00
11/16/2023,Gabi (bisol),30.00,35.00,20.00
11/16/2023,Kamote,30.00,45.00,20.00
11/16/2023,Karlang,15.00,18.00,14.00
11/16/2023,Cassava,18.00,60.00,21.00
11/15/2023,Gabi (bisol),30.00,35.00,20.00
11/15/2023,Kamote,30.00,25.00,20.00
11/15/2023,Karlang,15.00,20.00,14.00
11/15/2023,Cassava,18.00,30.00,21.00
11/14/2023,Gabi (bisol),30.00,60.00,14.00
11/14/2023,Kamote,30.00,30.00,22.00
11/14/2023,Karlang,15.00,20.00,28.00
11/14/2023,Cassava,18.00,28.00,21.00
11/13/2023,Gabi (bisol),30.00,60.00,14.00
11/13/2023,Kamote,30.00,30.00,22.00
11/13/2023,Karlang,15.00,20.00,28.00
11/13/2023,Cassava,18.00,28.00,21.00
11/12/2023,Gabi (bisol),30.00,60.00,14.00
11/12/2023,Kamote,30.00,30.00,21.00
11/12/2023,Karlang,15.00,20.00,28.00
11/12/2023,Cassava,18.00,28.00,21.00
11/11/2023,Gabi (bisol),30.00,60.00,14.00
11/11/2023,Kamote,30.00,30.00,22.00
11/11/2023,Karlang,15.00,20.00,28.00
11/11/2023,Cassava,18.00,28.00,14.00
11/10/2023,Gabi (bisol),30.00,60.00,14.00
11/10/2023,Kamote,30.00,30.00,21.00
11/10/2023,Karlang,15.00,20.00,28.00
11/10/2023,Cassava,18.00,15.00,21.00
11/9/2023,Gabi (bisol),30.00,40.00,14.00
11/9/2023,Kamote,30.00,18.00,21.00
11/9/2023,Karlang,15.00,20.00,14.00
11/9/2023,Cassava,18.00,50.00,15.00
11/8/2023,Gabi (bisol),30.00,40.00,21.00
11/8/2023,Kamote,25.00,25.00,20.00
11/8/2023,Karlang,20.00,20.00,18.00
11/8/2023,Cassava,18.00,15.00,14.00
11/7/2023,Gabi (bisol),30.00,70.00,14.00
11/7/2023,Kamote,25.00,30.00,18.00
11/7/2023,Karlang,20.00,20.00,14.00
11/7/2023,Cassava,18.00,20.00,20.00
11/6/2023,Gabi (bisol),30.00,70.00,18.00
11/6/2023,Kamote,25.00,40.00,14.00
11/6/2023,Karlang,20.00,18.00,14.00
11/6/2023,Cassava,18.00,20.00,20.00
11/5/2023,Gabi (bisol),30.00,70.00,20.00
11/5/2023,Kamote,25.00,30.00,18.00
11/5/2023,Karlang,20.00,20.00,14.00
11/5/2023,Cassava,15.00,20.00,14.00
11/4/2023,Gabi (bisol),30.00,70.00,20.00
11/4/2023,Kamote,25.00,30.00,18.00
11/4/2023,Karlang,20.00,20.00,14.00
11/4/2023,Cassava,15.00,20.00,14.00
11/3/2023,Gabi (bisol),30.00,70.00,20.00
11/3/2023,Kamote,25.00,30.00,18.00
11/3/2023,Karlang,20.00,20.00,14.00
11/3/2023,Cassava,15.00,20.00,20.00
11/2/2023,Gabi (bisol),30.00,70.00,20.00
11/2/2023,Kamote,25.00,30.00,14.00
11/2/2023,Karlang,20.00,20.00,14.00
11/2/2023,Cassava,15.00,20.00,20.00
11/1/2023,Gabi (bisol),30.00,70.00,20.00
11/1/2023,Kamote,25.00,30.00,14.00
11/1/2023,Karlang,20.00,20.00,14.00
11/1/2023,Cassava,15.00,20.00,20.00
10/31/2023,Gabi (bisol),30.00,60.00,20.00
10/31/2023,Kamote,30.00,30.00,14.00
10/31/2023,Karlang,25.00,20.00,14.00
10/31/2023,Cassava,15.00,20.00,20.00
10/30/2023,Gabi (bisol),30.00,40.00,20.00
10/30/2023,Kamote,30.00,30.00,14.00
10/30/2023,Karlang,25.00,20.00,14.00
10/30/2023,Cassava,15.00,20.00,20.00
10/29/2023,Gabi (bisol),30.00,35.00,20.00
10/29/2023,Kamote,30.00,30.00,14.00
10/29/2023,Karlang,25.00,20.00,14.00
10/29/2023,Cassava,15.00,20.00,20.00
10/28/2023,Gabi (bisol),30.00,47.50,20.00
10/28/2023,Kamote,30.00,30.00,14.00
10/28/2023,Karlang,25.00,20.00,14.00
10/28/2023,Cassava,15.00,20.00,20.00
10/27/2023,Gabi (bisol),30.00,35.00,20.00
10/27/2023,Kamote,30.00,30.00,14.00
10/27/2023,Karlang,25.00,20.00,13.00
10/27/2023,Cassava,15.00,20.00,20.00
10/26/2023,Gabi (bisol),30.00,80.00,20.00
10/26/2023,Kamote,30.00,35.00,14.00
10/26/2023,Karlang,25.00,45.00,13.00
10/26/2023,Cassava,15.00,20.00,20.00
10/25/2023,Gabi (bisol),30.00,35.00,20.00
10/25/2023,Kamote,25.00,25.00,18.00
10/25/2023,Karlang,15.00,20.00,13.00
10/25/2023,Cassava,15.00,20.00,20.00
10/24/2023,Gabi (bisol),30.00,25.00,20.00
10/24/2023,Kamote,25.00,25.00,18.00
10/24/2023,Karlang,15.00,20.00,13.00
10/24/2023,Cassava,15.00,20.00,20.00
10/23/2023,Gabi (bisol),30.00,30.00,20.00
10/23/2023,Kamote,25.00,25.00,18.00
10/23/2023,Karlang,15.00,20.00,13.00
10/23/2023,Cassava,15.00,20.00,20.00
10/22/2023,Gabi (bisol),30.00,35.00,20.00
10/22/2023,Kamote,25.00,25.00,18.00
10/22/2023,Karlang,15.00,20.00,13.00
10/22/2023,Cassava,15.00,20.00,20.00
10/21/2023,Gabi (bisol),30.00,40.00,20.00
10/21/2023,Kamote,25.00,25.00,18.00
10/21/2023,Karlang,15.00,20.00,13.00
10/21/2023,Cassava,15.00,20.00,20.00
10/20/2023,Gabi (bisol),30.00,40.00,20.00
10/20/2023,Kamote,25.00,30.00,18.00
10/20/2023,Karlang,15.00,20.00,14.00
10/20/2023,Cassava,15.00,20.00,20.00
10/19/2023,Gabi (bisol),30.00,35.00,20.00
10/19/2023,Kamote,20.00,45.00,15.00
10/19/2023,Karlang,20.00,18.00,13.00
10/19/2023,Cassava,15.00,40.00,10.00
10/18/2023,Gabi (bisol),30.00,18.00,15.00
10/18/2023,Kamote,25.00,30.00,13.00
10/18/2023,Karlang,15.00,20.00,10.00
10/18/2023,Cassava,15.00,20.00,20.00
10/17/2023,Gabi (bisol),30.00,25.00,15.00
10/17/2023,Kamote,45.00,30.00,13.00
10/17/2023,Karlang,35.00,20.00,10.00
10/17/2023,Cassava,30.00,20.00,13.00
10/16/2023,Gabi (bisol),30.00,25.00,10.00
10/16/2023,Kamote,20.00,30.00,15.00
10/16/2023,Karlang,20.00,20.00,13.00
10/16/2023,Cassava,15.00,20.00,10.00
10/15/2023,Gabi (bisol),30.00,40.00,20.00
10/15/2023,Kamote,20.00,30.00,15.00
10/15/2023,Karlang,20.00,20.00,13.00
10/15/2023,Cassava,15.00,20.00,10.00
10/14/2023,Gabi (bisol),30.00,18.00,20.00
10/14/2023,Kamote,20.00,30.00,15.00
10/14/2023,Karlang,20.00,20.00,13.00
10/14/2023,Cassava,15.00,20.00,10.00
10/13/2023,Gabi (bisol),30.00,18.00,20.00
10/13/2023,Kamote,25.00,30.00,15.00
10/13/2023,Karlang,15.00,20.00,13.00
10/13/2023,Cassava,15.00,20.00,10.00
10/12/2023,Gabi (bisol),30.00,18.00,20.00
10/12/2023,Kamote,30.00,30.00,15.00
10/12/2023,Karlang,15.00,35.00,13.00
10/12/2023,Cassava,18.00,20.00,10.00
10/11/2023,Gabi (bisol),25.00,35.00,20.00
10/11/2023,Kamote,28.00,30.00,15.00
10/11/2023,Karlang,18.00,20.00,13.00
10/11/2023,Cassava,18.00,20.00,10.00
10/10/2023,Gabi (bisol),28.00,35.00,20.00
10/10/2023,Kamote,28.00,30.00,15.00
10/10/2023,Karlang,18.00,20.00,13.00
10/10/2023,Cassava,18.00,20.00,10.00
10/9/2023,Gabi (bisol),25.00,35.00,30.00
10/9/2023,Kamote,20.00,30.00,25.00
10/9/2023,Karlang,20.00,30.00,15.00
10/9/2023,Cassava,12.00,15.00,20.00
10/8/2023,Gabi (bisol),28.00,35.00,21.00
10/8/2023,Kamote,28.00,30.00,15.00
10/8/2023,Karlang,18.00,20.00,13.00
10/8/2023,Cassava,18.00,20.00,18.00
10/7/2023,Gabi (bisol),25.00,35.00,21.00
10/7/2023,Kamote,28.00,30.00,15.00
10/7/2023,Karlang,18.00,20.00,13.00
10/7/2023,Cassava,18.00,20.00,15.00
10/6/2023,Gabi (bisol),28.00,35.00,25.00
10/6/2023,Kamote,28.00,30.00,17.00
10/6/2023,Karlang,18.00,20.00,13.00
10/6/2023,Cassava,18.00,20.00,12.00
10/5/2023,Gabi (bisol),24.00,35.00,21.00
10/5/2023,Kamote,20.00,30.00,18.00
10/5/2023,Karlang,20.00,30.00,13.00
10/5/2023,Cassava,12.00,15.00,18.00
10/4/2023,Gabi (bisol),25.00,50.00,21.00
10/4/2023,Kamote,28.00,30.00,15.00
10/4/2023,Karlang,18.00,20.00,13.00
10/4/2023,Cassava,18.00,20.00,18.00
10/3/2023,Gabi (bisol),30.00,35.00,20.00
10/3/2023,Kamote,20.00,30.00,15.00
10/3/2023,Karlang,20.00,25.00,13.00
10/3/2023,Cassava,20.00,25.00,18.00